object_id_final,name,county,island,classifica,citypark,sports,playground,home,park,harbor,manmade,sand,rock,surf,snork,lifeguard,parking,showers,restrooms,swim,trail,latitude,longitude,sand_type,mpa,beach_leng,res_fish_bio,PNAS,haleakala,molokini,Box_ID_2
0,Home,Hawaii,Hawaii,,0,0,0,1,0,0,0,0,0,0,0,0,0,0,0,0,0,0,0,0,0,0,0,0,0,0,0
0,Home,Honolulu,Oahu,,0,0,0,1,0,0,0,0,0,0,0,0,0,0,0,0,0,0,0,0,0,0,0,0,0,0,0
0,Home,Maui,Maui,,0,0,0,1,0,0,0,0,0,0,0,0,0,0,0,0,0,0,0,0,0,0,0,0,0,0,0
0,Home,Kauai,Kauai,,0,0,0,1,0,0,0,0,0,0,0,0,0,0,0,0,0,0,0,0,0,0,0,0,0,0,0
0,Home,Lanai,Lanai,,0,0,0,1,0,0,0,0,0,0,0,0,0,0,0,0,0,0,0,0,0,0,0,0,0,0,0
0,Home,Molokai,Molokai,,0,0,0,1,0,0,0,0,0,0,0,0,0,0,0,0,0,0,0,0,0,0,0,0,0,0,0
1,49 Black Sand Beach (Honokaope Bay),Hawaii,Hawaii,Beach,0,0,0,0,0,0,0,1,0,0,1,0,1,1,1,1,0,19.93356023,-155.8802143,Black,HI27,101.435,14.77295325,18.041924,0,0,11
2,Akahu Kaimu,Hawaii,Hawaii,Bay,0,0,0,0,0,0,0,0,1,0,0,0,0,0,0,0,1,19.9036563,-155.901618,Rock,NMS9,317.125,17.55216156,29.0168266,0,0,11
3,Alahaka Bay (Puuhonua O Honaunau National Historical Park),Hawaii,Hawaii,Bay,0,0,0,0,0,0,0,0,1,0,0,0,1,0,1,0,1,19.4142258,-155.9066606,Rock,HI27,2232.331,28.91339173,19.35559116,0,0,18
4,Ali'i Saltwater Swimming Pool,Hawaii,Hawaii,NA,0,0,0,0,0,0,0,0,1,0,0,0,1,1,0,1,0,19.6262877,-155.99027,NA,NA,0,26.26646915,17.49881205,0,0,18
5,Alula Beach,Hawaii,Hawaii,Beach,0,0,0,0,0,0,0,1,1,0,1,0,0,0,0,1,0,19.66724,-156.028,Standard,NPS24,82.614,26.65584414,14.02039333,0,0,18
6,Anaehoomalu Bay,Hawaii,Hawaii,Bay,0,0,0,0,0,0,0,1,1,1,1,0,1,1,1,1,0,19.9149948,-155.8887434,Standard,HI27,1299.904,12.18688387,7.032602519,0,0,11
7,Awakee Bay,Hawaii,Hawaii,Bay,0,0,0,0,0,0,0,0,1,0,1,0,0,0,0,0,1,19.7964657,-156.0219312,Rock,HI27,600.192,12.75672213,20.54949355,0,0,11
8,Beans Beach,Hawaii,Hawaii,Beach,0,0,0,0,0,0,0,1,1,0,0,0,0,0,0,0,0,19.64764475,-156.0242725,Standard,HI24,279.773,44.06453995,14.79236594,0,0,18
9,Carlsmith Beach Park,Hawaii,Hawaii,NA,0,0,0,0,1,0,0,0,1,0,1,1,1,1,1,1,0,19.7337112,-155.0280856,NA,NA,434.59,0,15.76745909,0,0,4
10,Hakalau Beach Park,Hawaii,Hawaii,Bay,0,0,0,0,1,0,0,1,1,1,0,0,1,0,0,1,0,19.9007308,-155.1278543,Rock,NA,220.697,0,2.144878909,0,0,10
11,Hapuna Beach State Park,Hawaii,Hawaii,Park,0,0,0,0,1,0,0,1,0,1,1,1,1,1,1,1,0,19.99218,-155.826,Standard,NMS9,576.001,6.633712959,1.33144989,0,0,11
12,Hawaiian Shores Papio Park Cliff,Hawaii,Hawaii,Park,0,0,0,0,1,0,0,0,1,0,0,0,1,0,1,0,0,19.5585197,-154.885782,Rock,NA,340,26.46514738,12.87923783,0,0,4
13,Heeia Bay,Hawaii,Hawaii,Bay,0,0,0,0,0,0,0,0,1,0,1,0,0,0,0,0,0,19.5635913,-155.9655404,Rock,HI27,40.226,16.36743983,10.45203162,0,0,18
14,Hilo Bayfront Beach Park,Hawaii,Hawaii,Park,0,1,1,0,1,0,0,1,0,1,0,0,1,1,1,0,0,19.72327724,-155.0756167,Black,HI23,738.444,0,0,0,0,4
15,Hilo Harbor,Hawaii,Hawaii,Harbor,0,0,0,0,0,1,1,0,1,0,0,0,1,0,1,0,0,19.7326136,-155.0571728,Rock,HI23,1565.35,0,1.452069512,0,0,4
16,Holana Bay,Hawaii,Hawaii,Bay,0,0,0,0,0,0,0,0,1,0,0,0,0,0,0,0,0,20.2380999,-155.8940649,Rock,NMS9,513.394,16.35795729,17.37915318,0,0,11
17,Holualoa Bay,Hawaii,Hawaii,Bay,0,0,0,0,0,0,0,0,1,1,1,0,1,0,0,0,0,19.6033773,-155.974896,Rock,HI27,192.714,11.08882219,8.506565788,0,0,18
18,Honokohau Bay Beach,Hawaii,Hawaii,Bay,0,0,0,0,0,0,0,1,1,1,1,0,0,0,0,1,0,19.6737872,-156.0278106,Standard,HI27,1091.527,6.044356594,13.76322413,0,0,18
19,Honokohau Small Boat Harbor,Hawaii,Hawaii,Harbor,0,0,0,0,0,1,1,0,1,0,0,0,1,1,1,0,0,19.6690996,-156.024195,Rock,HI27,0,0,5.715380851,0,0,18
20,Honolii Beach Park,Hawaii,Hawaii,Park,0,0,0,0,1,0,0,1,1,1,0,1,1,1,1,0,0,19.75531993,-155.0908242,Black,NA,426.086,0,2.680189693,0,0,4
21,Honomalino Beach,Hawaii,Hawaii,Bay,0,0,0,0,0,0,0,1,0,0,1,0,0,0,0,1,0,19.1722525,-155.9088278,Standard,HI27,199.937,18.74239479,12.07587234,0,0,18
22,Hookena Beach Park,Hawaii,Hawaii,Park,0,0,0,0,1,0,0,1,0,1,1,1,1,1,1,1,0,19.37936927,-155.897392,Gray,HI27,170.454,19.80826905,12.76693429,0,0,18
23,Hoolulu Cove,Hawaii,Hawaii,Bay,0,0,0,0,0,0,0,1,1,0,0,0,1,1,1,NA,NA,19.6390509,-155.9958172,Rock,HI29,338.568,18.21946413,10.58186776,0,0,18
24,Hoona Bay (Makako Bay),Hawaii,Hawaii,Bay,0,0,0,0,0,0,0,1,1,0,0,0,0,0,0,0,0,19.732149,-156.0569286,Standard,NMS9,97.474,33.10295574,19.03951412,0,0,18
25,James Kealoha Beach Park,Hawaii,Hawaii,Park,0,0,0,0,1,0,0,0,1,1,1,1,1,1,1,1,0,19.73488292,-155.0320901,Rock,NA,319.853,0,13.25210173,0,0,4
26,Kaelehuluhulu (Mahaiula Bay),Hawaii,Hawaii,Beach,0,0,0,0,0,0,0,1,1,0,0,0,1,0,1,0,0,19.78112,-156.042,Standard,HI27,1007.115,6.43578831,8.428705289,0,0,11
27,Kahaluu Beach Park,Hawaii,Hawaii,Park,0,0,0,0,1,0,0,1,1,1,1,1,1,1,1,1,0,19.57933454,-155.9665658,Black,HI27,314.709,7.760717792,5.685287064,0,0,18
28,Kahakai Park,Hawaii,Hawaii,NA,0,0,0,0,0,0,0,0,1,0,0,0,1,0,0,0,0,19.5607831,-154.8886603,NA,NA,129.756,24.09315361,14.11399186,0,0,4
29,Kahauloa Bay,Hawaii,Hawaii,Bay,0,0,0,0,0,0,0,0,1,0,0,0,0,0,0,0,0,19.4692222,-155.9216166,Rock,HI27,30.052,21.89018777,16.97832905,0,0,18
30,Kahoiawa Bay,Hawaii,Hawaii,Bay,0,0,0,0,0,0,0,1,1,0,1,0,0,0,0,0,1,19.8030676,-156.0157943,Standard,HI27,603.029,18.67333176,14.44531512,0,0,11
31,Kakapa Bay,Hawaii,Hawaii,Bay,0,0,0,0,0,0,0,0,1,0,0,0,0,0,0,0,0,19.815463,-156.0024261,Rock,HI27,565.537,12.596653,22.4730532,0,0,11
32,Kalolo,Hawaii,Hawaii,Bay,0,0,0,0,0,0,0,1,1,0,0,0,1,0,0,0,0,18.9694279,-155.5988717,Standard,NA,904.306,27.16563295,8.802993625,0,0,3
33,Kamakahonu Beach,Hawaii,Hawaii,Beach,0,0,0,0,0,0,0,1,0,0,1,0,1,1,1,1,0,19.63958168,-155.9976871,Standard,NA,50.927,23.91585664,10.31363775,0,0,18
34,Kamehame Beach,Hawaii,Hawaii,Beach,0,0,0,0,0,0,0,1,1,0,0,0,0,0,0,0,1,19.14458,-155.466,Black,NA,185.587,36.21636668,5.812004446,0,0,3
35,Kapaa Beach Park,Hawaii,Hawaii,Park,0,0,0,0,1,0,0,0,1,0,1,0,1,1,1,1,0,20.20381113,-155.9019257,Rock,NMS9,455.741,26.58235107,8.248918919,0,0,11
36,Kaulana Bay,Hawaii,Hawaii,Bay,0,0,0,0,0,0,0,1,1,0,0,0,0,0,0,0,1,18.9160099,-155.6687593,Standard,NA,121.045,30.22395792,10.38211964,0,0,3
37,Kaunaoa (Mauna Kea) Beach,Hawaii,Hawaii,Beach,0,0,0,0,0,0,0,1,0,1,1,0,0,1,1,1,0,20.00456,-155.825,Standard,NA,447.231,10.087129,2.728665006,0,0,11
38,Kaupulehu Beach (Kahuwai Bay),Hawaii,Hawaii,Beach,0,0,0,0,0,0,0,1,0,0,0,0,1,0,0,0,0,19.83118,-155.987,Standard,HI27,1165.519,10.22889024,17.42407703,0,0,11
39,Kawaihae Harbor,Hawaii,Hawaii,Harbor,0,0,0,0,0,1,1,1,1,0,0,0,1,0,1,0,0,20.0349672,-155.8309364,Standard,HI18,987.684,9.897008928,18.86808511,0,0,11
40,Kealakekua Bay State Historical Park,Hawaii,Hawaii,Bay,0,0,0,0,1,0,0,0,1,0,1,0,1,1,1,0,1,19.4823801,-155.9309021,Rock,HI18,1768.211,35.80460203,21.46903949,0,0,18
41,Keauhou Bay Beach Park,Hawaii,Hawaii,Beach,0,0,0,0,1,0,0,1,1,0,0,0,1,0,1,0,0,19.5615088,-155.9632444,Standard,HI17,49.558,17.67971211,5.982348666,0,0,18
42,Keaukaha Beach Park,Hawaii,Hawaii,Park,0,0,0,0,1,0,0,0,1,0,1,0,1,1,0,1,0,19.73164843,-155.0461685,Rock,NA,209.791,0,40.0826939,0,0,4
43,Keawaeli Bay,Hawaii,Hawaii,Bay,0,0,0,0,0,0,0,0,1,0,0,0,0,0,0,0,1,20.242831,-155.7765841,Rock,HI44,936.195,0,7.094048268,0,0,10
44,Keawaiki Bay,Hawaii,Hawaii,Bay,0,0,0,0,0,0,0,1,1,0,0,0,1,0,0,0,1,19.887999,-155.9073901,Black,NMS9,825.646,20.96341959,29.77159038,0,0,11
45,Keawanui Bay,Hawaii,Hawaii,Bay,0,0,0,0,0,0,0,1,1,0,0,0,0,0,0,0,0,20.1146561,-155.885632,Standard,NMS9,412.897,22.90829754,19.01179071,0,0,11
46,Keei Beach,Hawaii,Hawaii,Beach,0,0,0,0,0,0,0,1,0,1,1,0,0,0,0,1,0,19.46002092,-155.9259023,Standard,HI27,206.49,13.29433997,13.97812963,0,0,18
47,Kehena Beach,Hawaii,Hawaii,Beach,0,0,0,0,0,0,0,1,0,0,0,0,0,0,0,1,0,19.39472778,-154.929039,Black,NA,118.027,29.01999711,5.417923049,0,0,4
48,Keokea Beach Park,Hawaii,Hawaii,Park,0,0,0,0,1,0,0,1,1,0,0,0,1,1,1,0,0,20.2277541,-155.7455823,Rock,NA,900.781,0,9.501727505,0,0,10
49,Keoneele Cove,Hawaii,Hawaii,Bay,0,0,0,0,0,0,0,1,1,0,0,0,1,1,1,0,0,19.42193,-155.91173,Standard,HI27,232.206,27.02755665,17.985575,0,0,18
50,Kiholo Bay,Hawaii,Hawaii,Bay,0,0,0,0,0,0,0,1,1,0,1,0,1,0,0,1,1,19.856478,-155.9294486,Black,HI6,2068.037,17.28554661,35.43774996,0,0,11
51,Kiilae Bay Village,Hawaii,Hawaii,Bay,0,0,0,0,0,0,0,0,1,0,0,0,1,1,1,0,1,19.4107044,-155.905416,Rock,HI27,2232.331,27.70229616,24.17642562,0,0,18
52,Kolekole Beach Park,Hawaii,Hawaii,Park,0,0,0,0,1,0,0,0,1,0,0,0,1,1,1,0,0,19.88296798,-155.1186729,Rock,NA,180.936,0,0.597622314,0,0,10
53,Kuhio Kalanianaole Park,Hawaii,Hawaii,NA,0,0,0,0,1,0,0,0,1,0,0,0,1,0,1,1,0,19.7252139,-155.0619452,NA,NA,359.807,0,0,0,0,4
54,Kukio Beach,Hawaii,Hawaii,Beach,0,0,0,0,0,0,0,1,0,0,0,0,1,1,1,0,0,19.82169776,-155.9967542,Standard,HI27,632.791,6.956776103,11.96319231,0,0,11
55,Laupahoehoe Beach Park,Hawaii,Hawaii,Park,0,0,0,0,1,0,0,0,1,0,0,0,1,1,1,1,0,19.9922564,-155.2398426,Rock,NA,574.263,0,0.124315872,0,0,10
56,Leleiwi Beach Park (Wai’uli),Hawaii,Hawaii,NA,0,0,0,0,1,0,0,0,1,0,1,0,1,1,0,0,0,19.7342593,-155.0163509,NA,NA,207.867,0,20.97865145,0,0,4
57,Mahukona Beach Park,Hawaii,Hawaii,Park,0,0,0,0,1,0,0,0,1,0,1,0,1,1,1,1,0,20.18233284,-155.9012775,Rock,NMS9,343.872,22.34549165,16.77019561,0,0,11
58,Makuu Point,Hawaii,Hawaii,NA,0,0,0,0,0,0,0,0,1,0,0,0,1,0,0,0,0,19.5946896,-154.9311877,NA,NA,199.1,20.98358738,18.14565986,0,0,4
59,Makaiwa Bay,Hawaii,Hawaii,Bay,0,0,0,0,0,0,0,1,1,0,1,0,1,1,1,1,0,19.9436601,-155.8715129,Standard,NMS9,97.664,16.02828607,14.3078283,0,0,11
60,Makalawena Beach (Puualii Bay),Hawaii,Hawaii,Beach,0,0,0,0,0,0,0,1,0,1,1,0,0,0,0,1,1,19.79153,-156.028,Standard,HI27,772.644,9.788262468,5.492278223,0,0,11
61,Makolea Black Sand Beach,Hawaii,Hawaii,Beach,0,0,0,0,0,0,0,1,1,0,1,0,0,0,0,0,1,19.76816,-156.049,Black,NMS9,97.474,21.72541847,20.16930616,0,0,11
62,Makolea Beach,Hawaii,Hawaii,NA,0,0,0,0,0,0,0,0,1,0,0,0,1,0,0,0,0,19.5774997,-155.970555,NA,NA,424.399,18.22605673,13.65444023,0,0,18
63,Manini Beach,Hawaii,Hawaii,Beach,0,0,0,0,0,0,0,1,1,1,1,0,0,0,1,1,0,19.47116,-155.921,Standard,HI18,82.449,20.99061672,12.30788905,0,0,18
64,Maniniowali Beach (Kua Bay),Hawaii,Hawaii,Beach,0,0,0,0,0,0,0,1,0,1,1,0,0,1,1,1,0,19.81068054,-156.006244,Standard,HI27,324.639,14.43769521,5.49098826,0,0,11
65,Milolii Beach Park,Hawaii,Hawaii,Park,0,0,0,0,1,0,0,1,1,1,1,0,0,1,1,1,0,19.182149,-155.907978,Standard,HI27,129.019,17.15537988,13.91894679,0,0,18
66,Moku Ola / Coconut Island,Hawaii,Hawaii,NA,0,0,0,0,1,0,0,1,1,0,0,0,1,0,1,1,0,19.7295488,-155.0688391,NA,NA,377.146,0,0,0,0,4
67,Nanuku Inlet,Hawaii,Hawaii,Bay,0,0,0,0,0,0,0,1,1,0,0,0,0,0,0,0,0,19.9458991,-155.8685303,Standard,NMS9,386.837,8.928244869,13.30002817,0,0,11
68,Ninole Cove,Hawaii,Hawaii,Bay,0,0,0,0,0,0,0,0,1,0,1,0,0,0,0,0,1,19.128363,-155.509479,Rock,NA,671.976,13.32008899,15.34035628,0,0,3
69,Ohiki Bay,Hawaii,Hawaii,Bay,0,0,0,0,0,0,0,0,1,0,0,0,0,0,0,0,1,19.8763156,-155.9170032,Rock,NMS9,542.64,34.3010823,27.10943946,0,0,11
70,Old Kona Airport Beach Park,Hawaii,Hawaii,NA,0,0,0,0,1,0,0,1,1,0,1,0,1,1,1,0,0,19.6423449,-156.0077153,NA,NA,1033.914,45.51528568,19.12680135,0,0,18
71,Hale Halawai Park (Oneo Bay),Hawaii,Hawaii,Bay,0,1,0,0,1,0,0,1,1,0,1,0,0,0,1,1,0,19.6364594,-155.9943183,Standard,NA,131.083,17.45328122,15.9357955,0,0,18
72,Onekahakaha Beach Park,Hawaii,Hawaii,NA,0,0,0,0,1,0,0,0,1,0,1,1,1,1,1,1,0,19.7378422,-155.0390201,NA,NA,316.06,0,16.01484511,0,0,4
73,Onomea Bay,Hawaii,Hawaii,Bay,0,0,0,0,0,0,0,0,1,0,0,0,1,0,0,0,1,19.8073537,-155.0924709,Rock,NA,261.216,0,8.125049852,0,0,4
74,Pahoehoe Beach Park,Hawaii,Hawaii,Park,0,0,0,0,1,0,0,0,1,0,1,0,0,1,1,0,0,19.5960639,-155.9732102,Rock,HI27,117.553,17.69472585,6.354411293,0,0,18
75,Haena Beach/ Shipwreck Beach,Hawaii,Hawaii,NA,0,0,0,0,0,0,0,1,1,0,0,0,1,0,0,1,1,19.6437175,-154.9827153,NA,NA,216.113,19.69513293,11.00702085,0,0,4
76,Papakolea Green Sand Beach,Hawaii,Hawaii,Beach,0,0,0,0,0,0,0,1,1,1,1,0,0,0,0,0,1,18.93613555,-155.6465805,Green,NA,388.797,30.3616894,1.6666974,0,0,3
77,Paradise Cliffs,Hawaii,Hawaii,NA,0,0,0,0,0,0,0,0,1,0,0,0,0,0,0,0,0,19.6021747,-154.9451608,NA,NA,336.883,20.13569485,11.22321429,0,0,4
78,Pauoa Bay,Hawaii,Hawaii,Bay,0,0,0,0,0,0,0,1,1,0,1,0,0,0,0,1,0,19.9519299,-155.8622003,Standard,HI27,118.144,17.73827279,18.96281986,0,0,11
79,Pawai Bay,Hawaii,Hawaii,Bay,0,0,0,0,0,0,0,1,1,0,1,0,0,0,0,0,0,19.6476195,-156.0216093,Standard,NA,578.914,42.5253989,15.76564509,0,0,18
80,Pohoiki Black Sand Beach,Hawaii,Hawaii,Bay,0,0,0,0,0,0,0,1,1,1,0,1,1,0,1,1,0,19.457144,-154.8429179,Black,NA,911.412,17.38655489,7.431299704,0,0,4
81,Pohue Beach,Hawaii,Hawaii,Beach,0,0,0,0,0,0,0,1,0,0,1,0,0,0,0,1,0,19.01038148,-155.7972024,Standard,HI27,108.761,31.88097423,6.034119576,0,0,18
82,Pololu Trail,Hawaii,Hawaii,NA,0,0,0,0,0,0,0,1,1,0,0,0,1,0,0,0,1,20.2034722,-155.7316319,NA,NA,776.106,0,0.228665029,0,0,10
83,Puako Bay,Hawaii,Hawaii,Bay,0,0,0,0,0,0,0,1,1,0,1,0,1,1,1,1,0,19.974579,-155.8342409,Standard,HI12,1339.273,15.67722215,10.21609364,0,0,11
84,Pueo Bay,Hawaii,Hawaii,Bay,0,0,0,0,0,0,0,1,1,0,0,0,1,0,0,0,1,19.8935075,-155.9060383,Balck,NMS9,1038.461,16.86440138,30.65945457,0,0,11
85,Punaluu Beach,Hawaii,Hawaii,Beach,0,0,0,0,0,0,0,1,1,0,0,1,1,1,1,1,0,19.13591,-155.504,Black,NA,367.741,13.4048649,11.13802689,0,0,3
86,Richardson Ocean Park,Hawaii,Hawaii,NA,0,0,0,0,1,0,0,1,1,0,1,1,1,1,1,1,0,19.7355692,-155.0138438,NA,NA,241.17,0,24.6934615,0,0,4
87,Reeds Bay Beach Park,Hawaii,Hawaii,Park,0,0,0,0,1,0,0,1,1,0,0,0,1,1,1,1,0,19.72638909,-155.0628704,Standard,HI23,205.168,0,0,0,0,4
88,Spencer Beach Park,Hawaii,Hawaii,Park,0,1,0,0,1,0,0,1,0,1,1,1,1,1,1,1,0,20.02346356,-155.8226096,Standard,NMS9,421.154,10.77872405,16.97873452,0,0,11
89,South Point (End of the World) Luakeananolo,Hawaii,Hawaii,NA,0,0,0,0,0,0,0,0,1,0,0,0,1,0,0,0,0,18.9164856,-155.6859602,NA,NA,1508.011,36.9597658,10.12830189,0,0,18
90,Two Step Beach,Hawaii,Hawaii,NA,0,0,0,0,0,0,0,0,1,0,1,0,1,0,1,0,0,19.4232986,-155.9113179,NA,NA,116.068,27.97257636,18.93099857,0,0,18
91,Umiwai Bay,Hawaii,Hawaii,Bay,0,0,0,0,0,0,0,0,1,0,0,0,0,0,0,0,0,20.2586744,-155.8802462,Rock,NMS9,267.087,0,7.477911647,0,0,11
92,Waiaha (Honl’s Beach),Hawaii,Hawaii,Bay,0,0,0,0,0,0,0,1,1,1,0,0,1,1,1,0,0,19.6278949,-155.9886718,Standard,HI27,93.557,21.91970122,19.53088961,0,0,18
93,Waiakaalio Bay,Hawaii,Hawaii,Bay,0,0,0,0,0,0,0,0,1,0,0,0,0,0,0,0,0,20.0740509,-155.8604836,Rock,HI27,515.527,24.0692003,15.18872704,0,0,11
94,Waialea Bay Beach,Hawaii,Hawaii,Beach,0,0,0,0,0,0,0,1,0,1,1,0,1,1,1,1,0,19.98356835,-155.8291621,Standard,HI21,732.145,10.41819745,8.443369625,0,0,11
95,Waimanu Bay,Hawaii,Hawaii,Bay,0,0,0,0,0,0,0,1,1,0,0,0,0,0,0,0,1,20.1457025,-155.6347489,Black,HI44,1362.037,14.05040253,4.497556092,0,0,10
96,Waipi'o Black Sand Beach,Hawaii,Hawaii,Bay,0,0,0,0,0,0,0,1,1,0,0,0,0,0,0,0,1,20.1233602,-155.5853748,Black,HI44,1736.364,13.5242053,8.832682204,0,0,10
97,Waiulua Bay,Hawaii,Hawaii,Bay,0,0,0,0,0,0,0,1,1,0,1,0,0,0,0,0,0,19.9265947,-155.8891511,Standard,HI27,101.435,13.70595886,18.73616626,0,0,11
98,Wai'olena Beach Park,Hawaii,Hawaii,NA,0,0,0,0,1,0,0,0,1,1,0,0,1,0,1,0,0,19.7332227,-155.0182339,NA,NA,160.16,0,19.55136519,0,0,4
99,Wawaloli Beach Park,Hawaii,Hawaii,Park,0,0,0,0,1,0,0,1,1,0,1,0,1,1,1,1,0,19.71606858,-156.050384,Standard,NA,823.869,20.56639809,22.37179749,0,0,18
100,White Sands (Disappearing  or Magic) Beach Park,Hawaii,Hawaii,Park,0,0,0,0,1,0,0,1,1,1,1,1,1,1,1,1,0,19.5959528,-155.9746353,Rock,NA,66.423,19.2342705,7.85406946,0,0,18
101,Whittington Beach Park,Hawaii,Hawaii,Park,0,0,0,0,1,0,0,0,1,0,0,0,1,1,1,0,0,19.08471283,-155.5505476,Rock,NA,400.021,19.94672939,5.280245772,0,0,3
102,Aliomanu Beach,Kauai,Kauai,Beach,0,0,0,0,0,0,0,1,1,0,1,0,0,1,1,0,0,22.16877416,-159.3099771,Standard,NA,795.533,29.89129751,16.66576244,0,0,70
103,Allerton Beach,Kauai,Kauai,NA,0,0,0,0,0,0,0,1,1,0,1,0,0,0,0,1,0,21.8886938,-159.5051323,NA,NA,290.008,54.37459357,0.520341951,0,0,67
104,Anahola Beach Park,Kauai,Kauai,Park,0,0,0,0,1,0,0,1,0,1,1,1,1,1,1,1,0,22.1474431,-159.3049121,Standard,NA,2996.08,18.41802295,0.31217147,0,0,70
105,Anini Beach Park,Kauai,Kauai,Park,0,0,0,0,1,0,0,1,0,0,1,0,1,1,1,1,0,22.22319395,-159.4630229,Standard,NMS9,3991.025,20.51655215,0.787193347,0,0,70
106,Baby Beach,Kauai,Kauai,Beach,0,0,0,0,0,0,0,1,1,0,0,0,0,0,0,0,0,21.8796647,-159.4717723,Standard,NA,189.818873,32.53957136,6.521808981,0,0,67
107,Brennecke Beach,Kauai,Kauai,Beach,0,0,0,0,0,0,0,1,1,0,0,0,1,0,0,0,0,21.8731582,-159.4513714,Standard,NA,204.663,29.57546548,4.115132261,0,0,67
108,Donkey Beach,Kauai,Kauai,Beach,0,0,0,0,0,0,0,1,0,1,0,0,1,1,1,0,0,22.114101,-159.296868,Standard,NA,615.652,30.4886705,1.502434744,0,0,70
109,Gillins Beach,Kauai,Kauai,Beach,0,0,0,0,0,0,0,1,0,0,0,0,0,0,0,0,0,21.88898665,-159.4152383,Standard,NA,1277.081,23.32687059,5.787357539,0,0,67
110,Glass Beach,Kauai,Kauai,Beach,0,0,0,0,0,0,0,1,1,0,0,0,0,0,0,0,0,21.8982762,-159.5843768,Standard,NA,185.72,16.45628427,0,0,0,67
111,Haena Beach Park,Kauai,Kauai,Park,0,0,0,0,1,0,0,1,0,1,0,1,0,1,1,0,0,22.22045321,-159.5659863,Standard,NMS9,5725.725,23.8911997,0.55046205,0,0,70
112,Hanakapiai Beach,Kauai,Kauai,Beach,0,0,0,0,0,0,0,1,1,0,0,0,0,0,0,0,1,22.209258,-159.597887,Standard,NA,147.517,13.75585885,1.091309175,0,0,71
113,Hanalei Pavilion Beach Park,Kauai,Kauai,Park,0,0,0,0,1,0,0,1,0,1,1,1,0,1,1,1,0,22.20724184,-159.4985623,Standard,NMS9,3997.265,10.33175214,0.044819624,0,0,70
114,Hanamaulu Beach Park,Kauai,Kauai,Park,0,0,1,0,1,0,0,1,0,0,0,0,1,1,1,0,0,21.99232931,-159.3408543,Standard,HI28,650.352,14.92384362,0.013835086,0,0,70
115,Haula Beach,Kauai,Kauai,Beach,0,0,0,0,0,0,0,1,1,0,1,0,0,0,0,0,0,21.8992418,-159.4041324,Standard,NA,172.591,44.40607698,0.486550958,0,0,67
116,Hoai Bay,Kauai,Kauai,Bay,0,0,0,0,0,0,0,0,1,0,1,0,0,0,0,0,0,21.8811033,-159.4739771,Rock,NA,185,20.62826126,4.308591101,0,0,67
117,Honopu Beach,Kauai,Kauai,Beach,0,0,0,0,0,0,0,1,1,0,0,0,0,0,0,1,1,22.167434,-159.668515,Standard,NA,774.818,15.07711778,2.128092234,0,0,71
118,Kahili Quarry Beach,Kauai,Kauai,Beach,0,0,0,0,0,0,0,1,1,1,0,0,0,0,0,1,0,22.218274,-159.385191,Standard,NA,830.491,20.28898931,0.328767123,0,0,70
119,Kalalau Beach,Kauai,Kauai,Beach,0,0,0,0,0,0,0,1,0,0,0,0,0,0,0,0,1,22.172681,-159.659037,Standard,NA,613.339,14.04463842,0.964047131,0,0,71
120,Kalapaki Beach,Kauai,Kauai,Beach,0,0,0,0,0,0,0,1,0,1,0,0,0,0,1,1,0,21.960434,-159.350469,Standard,NA,574.334,0,2.994962553,0,0,70
121,Kalihiwai Beach,Kauai,Kauai,Beach,0,0,0,0,0,0,0,1,0,1,0,0,0,0,0,1,0,22.21614576,-159.4285378,Standard,NMS9,580.313,19.29551215,1.384841037,0,0,70
122,Kapaa Beach Park,Kauai,Kauai,Park,0,1,0,0,1,0,0,1,0,0,1,0,1,1,1,0,0,22.07604096,-159.3164344,Standard,NA,795.231,26.22758364,5.33556998,0,0,70
123,Kauapea Beach,Kauai,Kauai,NA,0,0,0,0,0,0,0,1,2,0,0,0,0,0,0,0,0,22.2252497,-159.4119835,NA,NA,2810.915,19.96592689,0.341739759,0,0,70
124,Kealia Beach,Kauai,Kauai,Beach,0,0,0,0,0,0,0,1,0,1,0,1,0,1,1,1,0,22.095258,-159.306209,Standard,NA,1500.931,25.79857382,0.444605293,0,0,70
125,Kee Beach Park,Kauai,Kauai,Park,0,0,0,0,1,0,0,1,1,1,1,1,1,1,1,1,0,22.22317581,-159.5822815,Standard,NMS9,5725.725,27.62996171,11.96491045,0,0,70
126,Keiki Cove Beach,Kauai,Kauai,Beach,0,0,0,0,0,0,0,1,1,0,0,0,0,0,0,1,0,21.8822408,-159.4787729,Standard,NA,17.79,16.55584104,6.58552401,0,0,67
127,Kekaha Beach Park,Kauai,Kauai,Park,0,0,0,0,1,0,0,1,0,1,0,1,0,1,1,0,0,21.9717112,-159.7304674,Standard,NA,20518.938,9.630216885,0,0,0,67
128,Kepuhi Beach,Kauai,Kauai,Beach,0,0,0,0,0,0,0,1,1,0,1,0,0,0,0,0,0,22.223434,-159.546046,Standard,NMS9,5725.725,11.16597436,10.20369201,0,0,70
129,Kiahuna Beach,Kauai,Kauai,Beach,0,0,0,0,0,0,0,1,1,1,1,0,0,1,1,1,0,21.87598039,-159.4599168,Standard,NA,427.8034175,19.12883192,3.744252118,0,0,67
130,Kīkīaola Harbor,Kauai,Kauai,NA,0,0,0,0,0,1,1,0,0,0,0,0,1,1,1,0,0,21.9594743,-159.7127017,NA,NA,163.616,10.43325389,0,0,0,67
131,Kipu Kai Beach,Kauai,Kauai,Beach,0,0,0,0,0,0,0,1,0,1,0,0,0,0,0,0,0,21.911168,-159.39011,Standard,NA,1015.46,25.66414124,0.687137203,0,0,67
132,Kukuiʻula Harbor Beach,Kauai,Kauai,NA,0,0,0,0,0,1,1,1,1,0,0,0,1,1,1,1,0,21.8849268,-159.4898931,NA,NA,196.276,31.01273128,8.462926973,0,0,67
133,Larsens Beach,Kauai,Kauai,Beach,0,0,0,0,0,0,0,1,1,0,1,0,0,0,0,0,0,22.20837575,-159.341763,Standard,NA,1718.324,23.1402303,8.056281758,0,0,70
134,Lawai Beach,Kauai,Kauai,Beach,0,0,0,0,0,0,0,1,1,1,1,0,1,0,0,0,0,21.88173164,-159.4764236,Standard,NA,250.8489395,16.13571693,5.289906051,0,0,67
135,Lumahai Beach,Kauai,Kauai,Beach,0,0,0,0,0,0,0,1,1,1,0,0,0,0,0,0,0,22.2160672,-159.5299955,Standard,NMS9,1634.775,12.58054547,0.035860047,0,0,70
136,Lydgate Beach Park,Kauai,Kauai,Park,0,0,1,0,1,0,0,1,1,0,1,1,1,1,1,1,0,22.04015331,-159.3349733,Standard,NA,4923.361,14.90237052,4.478152421,0,0,70
137,Milolii Beach,Kauai,Kauai,Beach,0,0,0,0,0,0,0,1,0,0,1,0,0,1,1,1,1,22.1511099,-159.7182298,Standard,NA,892.75,18.45222204,19.22469136,0,0,71
138,Ninini Beach,Kauai,Kauai,Beach,0,0,0,0,0,0,0,1,1,0,1,0,0,0,0,1,0,21.9587483,-159.3417656,Standard,NA,167.625,0,3.576215774,0,0,70
139,Niumalu Beach Park,Kauai,Kauai,Park,0,0,1,0,1,0,0,0,1,0,0,0,0,1,1,0,0,21.95116277,-159.3623409,Rock,NA,170.354,0,0.007133471,0,0,70
140,N_wiliwili Park,Kauai,Kauai,,0,1,0,0,1,0,0,0,1,0,0,0,1,0,0,0,0,21.9585145,-159.3536931,,,251.957,0,2.994962553,0,0,70
141,Nu'alolo Kai State Park,Kauai,Kauai,NA,0,0,0,0,1,0,0,0,1,0,1,0,0,0,1,0,1,22.1584621,-159.7000232,NA,NA,410.301,18.59542557,9.674563804,0,0,71
142,Nukolii Beach Park,Kauai,Kauai,Park,0,0,0,0,1,0,0,1,1,0,0,0,1,1,1,0,0,22.00613778,-159.3358936,Standard,NA,4923.361,15.97876823,4.053604576,0,0,70
143,Pali Ke Kua Beach,Kauai,Kauai,Beach,0,0,0,0,0,0,0,1,0,0,1,0,1,0,0,0,0,22.22347156,-159.4954553,Standard,NMS9,526.127,12.4581603,16.89037645,0,0,70
144,Papaa Bay Beach,Kauai,Kauai,Bay,0,0,0,0,0,0,0,1,1,0,1,0,0,0,0,1,0,22.1737611,-159.3134128,Standard,NMS9,391.176,36.01180191,12.94470981,0,0,70
145,Pakala Beach,Kauai,Kauai,NA,0,0,0,0,0,0,0,1,1,1,0,0,0,0,0,1,0,21.9406052,-159.6503943,NA,NA,2003.501,1.606441314,0,0,0,67
146,Palama Beach,Kauai,Kauai,NA,0,0,0,0,0,0,0,1,0,0,1,0,0,0,0,1,0,21.8853768,-159.5256589,NA,NA,474.882,9.967447637,0.176558865,0,0,67
147,Poipu Beach Park,Kauai,Kauai,Park,0,0,1,0,1,0,0,1,1,1,1,1,1,1,1,1,0,21.87336739,-159.4547075,Standard,NA,401.0201976,19.84148048,6.781924332,0,0,67
148,Polihale State Beach Park,Kauai,Kauai,Park,0,0,0,0,1,0,0,1,0,0,0,0,0,1,1,0,0,22.07951502,-159.764768,Standard,NA,20518.938,12.05045311,0.00513631,0,0,71
149,Puu Poa Beach,Kauai,Kauai,Beach,0,0,0,0,0,0,0,1,1,1,1,0,0,0,0,1,0,22.21921997,-159.4979722,Standard,NMS9,549.224,15.57212686,11.6862887,0,0,70
150,Queens Bath,Kauai,Kauai,Tide pool,0,0,0,0,0,0,0,0,1,0,0,0,1,0,0,0,0,22.22910261,-159.4874215,Rock,NMS9,307.858,52.17411875,9.9392188,0,0,70
151,Salt Pond Beach Park,Kauai,Kauai,Park,0,0,0,0,1,0,0,1,1,1,1,1,1,1,1,1,0,21.89917676,-159.607173,Standard,NA,1358.435,14.92527472,0,0,0,67
152,Sea Lodge Beach,Kauai,Kauai,Beach,0,0,0,0,0,0,0,1,1,0,1,0,0,0,0,0,0,22.229115,-159.477867,Standard,NMS9,176.143,20.49362084,12.47412712,0,0,70
153,Shipwreck Beach,Kauai,Kauai,Beach,0,0,0,0,0,0,0,1,1,1,0,0,1,1,1,0,0,21.87444,-159.438557,Standard,NA,613.705,17.55774223,0,0,0,67
154,Spouting Horn Park,Kauai,Kauai,Park,0,0,0,0,1,0,0,0,1,0,0,0,1,0,1,0,0,21.88478239,-159.4936433,Rock,NA,99.834,37.67384505,6.0427773,0,0,67
155,Tunnels Beach,Kauai,Kauai,Beach,0,0,0,0,0,0,0,1,0,1,1,1,0,0,0,1,0,22.22444,-159.560313,Standard,NMS9,5725.725,19.52240073,7.779513762,0,0,70
156,Wahi-awa Beach,Kauai,Kauai,NA,0,0,0,0,0,0,0,1,0,0,0,0,0,0,0,1,0,21.8968153,-159.5773889,NA,NA,229.426,18.22358117,9.822141561,0,0,67
157,Waiakalua Beach,Kauai,Kauai,Beach,0,0,0,0,0,0,0,1,1,0,0,0,0,0,0,0,0,22.21525146,-159.3736891,Standard,NA,606.791,16.30879609,6.805116629,0,0,70
158,Waikoko Beach,Kauai,Kauai,Beach,0,0,0,0,0,0,0,1,0,1,1,0,0,0,0,0,0,22.210978,-159.517816,Standard,NMS9,3997.265,4.264574686,12.52334131,0,0,70
159,Wailua Beach Park,Kauai,Kauai,Park,0,0,0,0,1,0,0,1,0,1,0,0,0,0,0,0,0,22.04753,-159.335101,Standard,NA,859.277,12.56638233,0.072347949,0,0,70
160,Waimea Landing State Recreation Pier,Kauai,Kauai,Park,0,0,0,0,1,0,1,1,0,0,0,0,1,1,1,0,0,22.1108906,-159.2972405,NA,NA,2752.844,0,0,0,0,70
161,Wainiha Bay Park,Kauai,Kauai,Park,0,0,0,0,1,0,0,1,0,1,0,0,0,0,0,0,0,22.21847815,-159.5431538,Standard,NMS9,5725.725,18.03455294,13.81873467,0,0,70
162,Wainiha Beach Park,Kauai,Kauai,NA,0,0,0,0,1,0,0,1,0,1,0,0,0,0,0,0,0,22.21505,-159.5400945,NA,NA,620.233,11.20872657,2.998243325,0,0,70
163,Waipouli Beach,Kauai,Kauai,Beach,0,0,0,0,0,0,0,1,1,0,0,0,1,0,1,0,0,22.05645,-159.321563,Standard,NA,1424.812,11.86435902,7.883172221,0,0,70
164,Aiea Bay State Recreational Area,Honolulu,Oahu,Park,0,0,0,0,1,0,0,0,1,0,0,0,1,0,1,0,0,21.37721649,-157.93612,Rock,NA,610.8186299,0,0,0,0,64
165,Aki's Beach,Honolulu,Oahu,NA,0,0,0,0,0,0,0,1,0,0,1,0,0,0,0,1,0,21.4686065,-158.21761,NA,NA,51,8.091552405,9.448053393,0,0,63
166,Ala Moana Regional Park,Honolulu,Oahu,Park,0,1,0,0,1,0,1,1,0,1,1,1,1,1,1,1,0,21.28832338,-157.84668,Standard,NA,1310.657,11.25864794,0.260165218,0,0,64
167,Ala Wai Boat Harbor,Honolulu,Oahu,NA,0,0,0,0,0,1,1,0,0,0,0,0,1,0,1,0,0,21.2837179,-157.84317,NA,NA,0,7.467957097,2.275199619,0,0,64
168,Aweoweo Beach Park,Honolulu,Oahu,Park,0,0,1,0,1,0,0,1,0,0,1,0,1,1,1,1,0,21.58347496,-158.14033,Standard,NA,5610.069,4.331483376,0,0,0,58
169,Banzai Beach,Honolulu,Oahu,Beach,0,0,0,0,0,0,0,1,0,1,0,1,1,1,1,1,0,21.66154528,-158.05536,Standard,NMS9,6150.29,4.958449643,20.62527385,0,0,58
170,Barbers Point Beach Park,Honolulu,Oahu,Park,0,0,0,0,1,0,0,1,1,0,0,0,1,1,1,0,0,21.296795,-158.10443,Standard,NA,350.3932411,5.017249521,0,0,0,64
171,Bellows Field Beach Park,Honolulu,Oahu,Park,0,0,0,0,1,0,0,1,0,1,0,1,1,1,1,1,0,21.35812976,-157.70839,Standard,NA,5656.988,4.554717043,0.601635946,0,0,54
172,Black Rocks Beach Park,Honolulu,Oahu,NA,0,0,0,0,1,0,0,0,1,0,1,0,1,1,1,0,0,21.3696705,-158.13627,NA,NA,2460.305783,8.316918824,11.1892883,0,0,63
173,Castles Beach,Honolulu,Oahu,Beach,0,0,0,0,0,0,0,1,0,1,0,0,0,1,1,0,0,21.41836631,-157.74427,Standard,NA,4229.769,0,0.492621274,0,0,55
174,Chun's Reef,Honolulu,Oahu,NA,0,0,0,0,0,0,0,1,0,1,1,1,0,0,0,1,0,21.6227799,-158.08423,NA,NA,1289.057,6.066223751,8.674674993,0,0,58
175,Clissolds Beach,Honolulu,Oahu,Beach,0,0,0,0,0,0,0,1,0,1,1,0,0,0,0,1,0,21.64393617,-157.91902,Standard,NMS9,1080.811,7.981138528,2.246668919,0,0,55
176,Cromwells Beach,Honolulu,Oahu,Beach,0,0,0,0,0,0,0,1,0,1,1,0,0,0,0,1,0,21.25721065,-157.79678,Standard,NMS9,1552.438,7.725781758,7.373735322,0,0,64
177,Depot Beach Park,Honolulu,Oahu,NA,0,0,0,0,1,0,0,1,0,1,1,1,1,1,1,1,0,21.381937,-158.14657,NA,NA,1617.526,10.22165288,1.349012432,0,0,63
178,Diamond Head Beach Park,Honolulu,Oahu,Park,0,0,0,0,1,0,0,1,0,1,1,0,1,1,1,1,0,21.2549423,-157.80727,Standard,NMS9,1552.438,3.650334691,1.785345835,0,0,64
179,Ehukai Beach Park,Honolulu,Oahu,Park,0,0,0,0,1,0,0,1,0,1,0,1,1,1,1,0,0,21.6649791,-158.05082,Standard,NMS9,6150.29,4.013845772,6.371043606,0,0,58
180,Fort DeRussy Beach Park,Honolulu,Oahu,Park,0,0,0,0,1,0,0,1,0,1,0,0,1,1,1,1,0,21.27872403,-157.83494,Standard,NA,1042.239,3.308754159,0.153855343,0,0,64
181,Fort Hase Beach,Honolulu,Oahu,Beach,0,0,0,0,0,0,0,1,0,0,1,0,1,0,0,1,0,21.4450247,-157.73588,Standard,NA,1561.474,0,5.801060785,0,0,55
182,Fort Kamehameha Beach,Honolulu,Oahu,Beach,0,0,0,0,0,0,0,1,0,0,0,0,1,0,0,0,0,21.32107922,-157.96189,Standard,NA,838.227,0.052479446,0.066199873,0,0,64
183,Haleiwa Alii Beach Park (West),Honolulu,Oahu,Park,0,0,0,0,1,1,0,1,0,1,0,1,1,1,1,1,0,21.5948884,-158.1072,Standard,HI65,315.424,7.221328047,0,0,0,58
184,Haleiwa Beach,Honolulu,Oahu,Beach,0,1,1,0,0,0,0,1,0,1,0,1,1,1,1,1,0,21.58912729,-158.11262,Standard,NA,1092.347,6.93892825,0,0,0,58
185,Halona Beach Cove,Honolulu,Oahu,Beach,0,0,0,0,0,0,0,1,1,0,1,0,1,0,0,1,0,21.28175642,-157.67757,Standard,NMS9,6532.48147,11.19438057,0,0,0,54
186,Hanakailio Beach,Honolulu,Oahu,Beach,0,0,0,0,0,0,0,1,0,1,1,0,0,0,0,1,0,21.70909,-157.978,Standard,NMS9,1596.143,7.475542925,11.37299035,0,0,58
187,Hanauma Bay Nature Preserve,Honolulu,Oahu,Park,0,0,0,0,1,0,0,1,0,0,1,1,1,1,1,1,0,21.27109131,-157.69681,Standard,HI2NA,584.541,26.61897703,0,0,0,54
188,Hauula Beach Park,Honolulu,Oahu,Park,0,0,0,0,1,0,0,1,0,1,1,0,1,1,1,0,0,21.61254009,-157.91126,Standard,NMS9,2361.147,9.686974995,8.599662551,0,0,55
189,Hawaiian Electric Beach Park,Honolulu,Oahu,Park,0,0,0,0,1,0,0,1,0,1,1,0,1,1,1,1,0,21.35724416,-158.13084,Standard,NA,1078.674,7.381939691,8.59216978,0,0,63
190,Heaoeia Kea Boat Harbor,Honolulu,Oahu,NA,0,0,0,0,0,1,1,0,0,0,1,0,0,0,1,0,0,21.4439067,-157.80991,NA,NA,804.7658088,0,1.696745521,0,0,55
191,Heeia State Park,Honolulu,Oahu,NA,0,0,0,0,1,0,0,0,0,0,0,0,1,1,1,0,0,21.4407696,-157.80994,NA,NA,804.7658088,0,2.166117518,0,0,55
192,Hickam Harbor Beach,Honolulu,Oahu,Beach,0,0,0,0,0,1,0,1,0,1,0,1,1,1,1,1,0,21.31716,-157.951,Standard,NA,0,0,0,0,0,64
193,Hukilau Beach,Honolulu,Oahu,Beach,0,0,0,0,0,0,0,1,0,1,0,0,1,1,0,1,0,21.65301866,-157.92788,Standard,NMS9,3660.261,5.442885696,5.258676403,0,0,58
194,Hunakai Beach,Honolulu,Oahu,Beach,0,0,0,0,0,0,0,1,0,0,0,0,0,0,0,1,0,21.26278036,-157.78394,Standard,NMS9,1114.966,2.549772795,1.008888889,0,0,64
195,Iroquois Point Beach,Honolulu,Oahu,Beach,0,0,0,0,0,0,1,1,0,0,0,0,1,1,1,1,0,21.31832337,-157.97571,Standard,NA,5365.504,1.387576837,1.019556303,0,0,64
196,Kaaawa Beach Park,Honolulu,Oahu,Park,0,0,0,0,1,0,0,1,0,0,1,0,1,1,1,0,0,21.54893964,-157.84643,Standard,NA,3291.187,5.407316128,1.49057582,0,0,55
197,Kaalawai Beach,Honolulu,Oahu,Beach,0,0,0,0,0,0,0,1,0,1,0,0,0,0,0,0,0,21.25521288,-157.79298,Standard,NMS9,44.66629745,6.006891701,5.463197785,0,0,64
198,Kahala Beach,Honolulu,Oahu,Beach,0,0,0,0,0,0,0,1,0,0,1,0,0,1,1,1,0,21.26920544,-157.77694,Standard,NMS9,333.078,3.74385735,2.78376198,0,0,64
199,Kahaluu Regional Park,Honolulu,Oahu,Park,0,0,0,0,1,0,0,0,1,0,0,0,1,0,0,1,0,21.459417,-157.83992,Rock,NA,1296.200257,1.428387868,0,0,0,55
200,Kahana Bay Beach Park,Honolulu,Oahu,Park,0,0,0,0,1,0,0,1,0,0,1,0,1,1,1,1,0,21.55654148,-157.87475,Standard,NMS9,887.562,1.300167946,0.048934834,0,0,55
201,Kahanamoku Beach,Honolulu,Oahu,Beach,0,0,0,0,0,0,1,1,0,1,0,0,1,1,1,1,0,21.2814,-157.838,Standard,NA,1042.239,6.16641867,0.357659435,0,0,64
202,Kahe Point Beach Park,Honolulu,Oahu,Park,0,0,0,0,1,0,0,0,1,0,1,1,1,1,1,0,0,21.35305697,-158.13071,Rock,NA,527.6128721,6.528415085,6.028315946,0,0,63
203,Kahuku Beach,Honolulu,Oahu,Beach,0,0,0,0,0,0,0,1,0,1,0,0,0,0,0,0,0,21.67997365,-157.94184,Standard,NMS9,1717.634,6.006094188,7.044157831,0,0,58
204,Kaiaka Bay Beach,Honolulu,Oahu,Beach,0,0,0,0,0,0,0,0,1,1,0,0,1,1,1,0,0,21.58622751,-158.11767,Rock,NA,910.2363576,3.034210465,0,0,0,58
205,Kaiaka Bay Beach Park,Honolulu,Oahu,Park,0,0,0,0,1,0,0,0,1,0,0,0,1,1,1,0,0,21.58598996,-158.11563,Rock,NA,910.2363576,6.209521432,0,0,0,58
206,Kailua Beach Park,Honolulu,Oahu,Park,0,0,0,0,1,0,0,1,0,1,1,1,1,1,1,1,0,21.3982145,-157.72703,Standard,NA,4229.769,0,0.089143974,0,0,55
207,Kaimana Beach,Honolulu,Oahu,Beach,0,0,0,0,0,0,0,1,0,1,1,1,0,1,1,1,0,21.26338615,-157.82168,Standard,HI1,174.477,4.551027979,1.437610265,0,0,64
208,Kaiona Beach Park,Honolulu,Oahu,Park,0,0,0,0,1,0,0,1,0,0,1,0,1,1,1,1,0,21.32618984,-157.68266,Standard,NA,5656.988,3.687478107,2.773270914,0,0,54
209,Kaipapau Beach,Honolulu,Oahu,Beach,0,0,0,0,0,0,0,1,0,0,1,0,1,1,1,1,0,21.62427658,-157.91793,Standard,NMS9,1748.915,9.798536555,4.69921357,0,0,55
210,Kaiwi Channel viewpoint,Honolulu,Oahu,NA,0,0,0,0,0,0,0,0,1,0,0,0,1,0,0,0,1,21.3008061,-157.65133,NA,NA,2893.582811,12.18217782,0,0,0,54
211,Kakaako Waterfront Park,Honolulu,Oahu,Park,0,0,0,0,1,0,0,0,1,1,0,0,1,1,1,0,0,21.29313996,-157.86487,Rock,NA,468.4969222,3.715356481,2.270415559,0,0,64
212,Kalaeloa Beach Park,Honolulu,Oahu,Park,0,0,0,0,1,0,0,1,1,1,0,0,1,1,1,1,0,21.30092579,-158.05643,Standard,NA,3908.532,2.811523463,0.03826512,0,0,64
213,Kalaeoio Beach Park,Honolulu,Oahu,Park,0,0,0,0,1,0,0,1,0,1,1,0,1,0,0,1,0,21.54462558,-157.84546,Standard,NA,3291.187,5.613822997,2.338752854,0,0,55
214,Kalama Beach Park,Honolulu,Oahu,Park,0,0,0,0,1,0,0,1,0,1,0,0,1,1,1,1,0,21.40521479,-157.73877,Standard,NA,4229.769,0,0.006464843,0,0,55
215,Kaloko Beach,Honolulu,Oahu,Beach,0,0,0,0,0,0,0,1,1,0,0,0,0,0,0,0,0,21.29176688,-157.66131,Standard,NMS9,920.461,6.508092369,0,0,0,54
216,Kaluahole Beach,Honolulu,Oahu,Beach,0,0,0,0,0,0,0,1,1,0,0,0,0,0,1,0,0,21.2622,-157.822,Standard,NA,88.452,4.224449463,1.429842902,0,0,64
217,Kaluanui Beach,Honolulu,Oahu,Beach,0,0,0,0,0,0,0,1,1,0,1,0,0,0,0,1,0,21.59785373,-157.89646,Standard,NMS9,2905.279,5.788606027,4.201103429,0,0,55
218,Kaneohe Beach Park,Honolulu,Oahu,Park,0,0,1,0,1,0,0,0,1,0,0,0,1,1,1,0,0,21.412769,-157.7856,Rock,NA,124.8735791,0,0.438554217,0,0,55
219,Kaneohe Sandbar,Honolulu,Oahu,Beach,0,0,0,0,0,0,1,1,0,0,1,0,0,0,0,1,0,21.46335268,-157.80821,Standard,NA,0,4.111528528,0.006943373,0,0,55
220,Kapaeloa Beach,Honolulu,Oahu,Beach,0,0,0,0,0,0,0,1,1,1,0,0,0,0,0,0,0,21.62863,-158.074,Standard,NMS9,433.326,5.324912163,25.01276211,0,0,58
221,Kapapapuhi Point Park,Honolulu,Oahu,NA,0,0,0,0,1,0,0,0,0,0,0,0,1,0,1,0,0,21.3672196,-158.02245,NA,NA,1998.335227,0,0,0,0,64
222,Kapiolani Park Beach,Honolulu,Oahu,Park,0,0,0,0,1,0,0,1,0,1,1,1,0,1,1,1,0,21.26990957,-157.82286,Standard,HI12,473.394,2.20685499,0.534305222,0,0,64
223,Kaunala Beach,Honolulu,Oahu,Beach,0,0,0,0,0,0,0,1,0,1,0,0,0,0,0,1,0,21.68222,-158.033,Standard,NMS9,6150.29,10.66646625,18.58525746,0,0,58
224,Kaupo Beach Park,Honolulu,Oahu,Park,0,0,0,0,1,0,0,1,1,0,1,0,1,1,1,0,0,21.32173976,-157.67338,Standard,NA,159.543,5.521917907,0,0,0,54
225,Kawaikui Beach Park,Honolulu,Oahu,Park,0,0,0,0,1,0,0,1,0,1,0,0,1,1,1,0,0,21.27952,-157.74526,Standard,NMS9,319.308,0.591259443,12.43658358,0,0,64
226,Kawailoa Beach,Honolulu,Oahu,Beach,0,0,0,0,0,0,0,1,1,1,0,1,0,0,0,0,0,21.60540559,-158.10301,Standard,NMS9,1644.881,3.044020658,0,0,0,58
227,Kawela Bay Beach Park,Honolulu,Oahu,Park,0,0,0,0,1,0,0,1,0,1,0,0,0,0,0,1,0,21.6988889,-158.01333,Standard,NMS9,855.285,5.704989583,7.228986966,0,0,58
228,Keaau Beach Park,Honolulu,Oahu,Park,0,0,0,0,1,0,0,1,1,1,0,0,1,1,1,0,0,21.4855153,-158.23063,Standard,NA,2574.112268,4.675262598,12.49110534,0,0,63
229,Kealia Beach,Honolulu,Oahu,Beach,0,0,0,0,0,0,0,1,0,1,0,0,0,0,0,1,0,21.58213133,-158.19751,Standard,NA,6515.295,9.949223041,12.38597868,0,0,58
230,Keawaula Beach,Honolulu,Oahu,Park,0,0,0,0,1,0,0,1,0,1,0,1,1,0,0,0,0,21.54877401,-158.24205,Standard,NA,1237.113,5.297080087,6.588228479,0,0,63
231,Keehi Lagoon Beach Park,Honolulu,Oahu,Park,0,0,0,0,1,0,1,1,0,0,0,0,1,1,1,0,0,21.33027,-157.897,Standard,NA,957.3163921,0,0,0,0,64
232,Kewalo Basin Park,Honolulu,Oahu,Park,0,0,0,0,1,0,0,0,1,1,0,0,1,1,1,0,0,21.29089531,-157.8573,Rock,NA,408.0676519,6.112775468,1.775468497,0,0,64
233,Ko Olina Beach Park,Honolulu,Oahu,Park,0,0,0,0,1,0,1,1,0,0,1,0,1,1,1,1,0,21.325792,-158.12248,Standard,NA,508.4272389,2.266273794,8.211531262,0,0,63
234,Kokee Beach Park,Honolulu,Oahu,Park,0,0,0,0,1,0,0,0,1,1,0,0,0,0,0,0,0,21.26641274,-157.71022,Rock,NMS9,121.1155488,7.475982896,0,0,0,64
235,Koko Kai Beach Mini Park,Honolulu,Oahu,Beach,0,0,0,0,1,0,0,0,1,1,1,0,0,0,0,1,0,21.26142668,-157.71122,Rock,NMS9,100.9561232,12.48755487,0,0,0,64
236,Kokololio Beach Park,Honolulu,Oahu,Park,0,0,0,0,1,0,0,1,0,1,0,0,1,1,1,1,0,21.62433499,-157.91909,Standard,NMS9,1748.915,12.08245576,4.195697523,0,0,55
237,Kualoa Regional Park,Honolulu,Oahu,Park,0,0,0,0,1,0,0,1,1,0,1,1,1,1,1,1,0,21.51249071,-157.837,Standard,NA,2523.539,0.926173565,9.415647922,0,0,55
238,Kuhio Beach Park,Honolulu,Oahu,Park,0,0,0,0,1,0,0,1,0,1,1,1,0,1,1,1,0,21.27322161,-157.8241,Standard,NA,462.901,3.432945581,0.536838927,0,0,64
239,Kuilei Cliffs Beach Park,Honolulu,Oahu,Park,0,0,0,0,1,0,0,1,0,1,1,0,1,1,0,0,0,21.25546004,-157.80522,Standard,NMS9,1552.438,3.326060918,1.842159251,0,0,64
240,Kuliouou Beach Park,Honolulu,Oahu,Park,0,0,0,0,1,0,0,1,0,0,0,0,1,1,1,0,0,21.28428,-157.7211,Standard,HI1NA,283.067,0,0,0,0,64
241,Laenani Neighborhood Park,Honolulu,Oahu,Park,0,0,0,0,1,0,0,0,1,0,0,0,1,1,1,0,0,21.458933,-157.83222,Rock,NA,125.0958925,2.229108878,0.54466014,0,0,55
242,Laie Beach Park,Honolulu,Oahu,Park,0,0,0,0,1,0,0,1,0,1,0,0,1,1,0,1,0,21.631861,-157.9212,Standard,NMS9,703.053,7.338577058,1.028995913,0,0,55
243,Laie Point State Wayside,Honolulu,Oahu,Beach,0,0,0,0,0,0,0,0,1,0,0,0,0,0,0,0,0,21.648556,-157.91453,Rock,NMS9,185.390807,17.45872051,7.001313082,0,0,58
244,Laniakea Beach,Honolulu,Oahu,Beach,0,0,0,0,0,0,0,1,1,1,1,0,1,0,0,1,0,21.61901,-158.085,Standard,NMS9,1330.79,6.974833313,7.741527858,0,0,58
245,Lanikai Beach,Honolulu,Oahu,Beach,0,0,0,0,0,0,0,1,0,0,0,0,0,0,0,1,0,21.39249771,-157.71517,Standard,NA,2190.399,0,7.246600268,0,0,54
246,Lanikuhonua Lagoon,Honolulu,Oahu,Beach,0,0,0,0,0,0,1,1,1,0,1,0,1,1,1,1,0,21.34104499,-158.12751,Standard,NA,241.485,7.233452994,30.55745223,0,0,63
247,Laniloa Beach,Honolulu,Oahu,Beach,0,0,0,0,0,0,0,1,0,0,0,0,0,0,0,1,0,21.6414909,-157.92058,Standard,NA,1080.811,8.364376485,2.271611929,0,0,55
248,Laukinui Beach,Honolulu,Oahu,Beach,0,0,0,0,0,0,0,1,0,1,0,0,0,0,0,0,0,21.4734282,-158.21949,Standard,NA,1086.902,5.68840458,7.955789919,0,0,63
249,Leahi Beach Park,Honolulu,Oahu,Park,0,0,0,0,1,0,0,0,1,1,0,0,0,0,0,0,0,21.2563011,-157.8151,Rock,HI1,454.303,3.885743304,1.872186984,0,0,64
250,Leftovers Surf Break,Honolulu,Oahu,Beach,0,0,0,0,0,0,0,1,1,1,0,0,1,0,0,0,0,21.62772522,-158.07433,Standard,NMS9,1289.057,4.842472177,23.06398815,0,0,58
251,Lualualei Beach Park,Honolulu,Oahu,Park,0,0,0,0,1,0,0,1,1,1,0,0,1,1,1,0,0,21.43697466,-158.18682,Standard,NA,1543.110138,3.045327538,1.595511876,0,0,63
252,Maeaea,Honolulu,Oahu,Beach,0,0,0,0,0,0,0,1,1,1,1,0,1,1,1,0,0,21.60195619,-158.10622,Standard,NA,830.3783386,5.473597265,0,0,0,58
253,Maili Beach Park,Honolulu,Oahu,Park,0,0,0,0,1,0,0,1,0,1,1,1,1,1,1,1,0,21.41896921,-158.17803,Standard,NA,2216.097,4.656874675,7.752904398,0,0,63
254,Maili Point Beach Park,Honolulu,Oahu,NA,0,0,0,0,1,0,0,1,1,1,0,0,1,1,1,1,0,21.4052102,-158.17741,NA,NA,694.194,3.898598387,7.300802581,0,0,63
255,Mailiili Beach,Honolulu,Oahu,Beach,0,0,0,0,0,0,0,0,1,1,0,1,1,1,1,0,0,21.4300964,-158.18283,Rock,NA,1543.110138,6.138585128,13.42252582,0,0,63
256,Makaha Beach Park,Honolulu,Oahu,Park,0,0,0,0,1,0,0,1,0,1,1,1,1,1,1,1,0,21.47639344,-158.2204,Standard,NA,1086.902,5.647533316,5.648579266,0,0,63
257,Makaleha Beach Park,Honolulu,Oahu,Park,0,0,0,0,1,0,0,1,0,1,1,0,0,0,0,1,0,21.58065462,-158.17182,Standard,NA,5610.069,12.80624803,0,0,0,58
258,Makalei Beach Park,Honolulu,Oahu,Park,0,0,0,0,1,0,0,1,1,1,1,0,0,1,0,1,0,21.25748133,-157.81705,Standard,HI1,108.435,4.320782528,1.411409491,0,0,64
259,Makao Beach,Honolulu,Oahu,Beach,0,0,0,0,0,0,0,1,0,0,1,0,0,0,0,0,0,21.60724828,-157.90662,Standard,NMS9,2361.147,7.309493631,2.987743773,0,0,55
260,Makao Beach,Honolulu,Oahu,Beach,0,0,0,0,0,0,0,1,0,0,1,0,0,0,0,0,0,21.60724828,-157.90662,Standard,NMS9,2361.147,7.309493631,2.987743773,0,0,55
261,Makapuu Beach Park,Honolulu,Oahu,Park,0,0,0,0,1,0,0,1,1,1,0,1,1,1,1,0,0,21.31108158,-157.66014,Standard,NA,326.338,7.666430296,0,0,0,54
262,Makua Beach,Honolulu,Oahu,Beach,0,0,0,0,0,0,0,1,0,1,0,0,0,0,0,1,0,21.52998,-158.229,Standard,NA,1320.111,2.502622889,2.101472868,0,0,63
263,Malaekahana Beach,Honolulu,Oahu,Beach,0,0,0,0,0,0,0,1,0,1,0,0,1,1,1,0,0,21.66796,-157.937,Standard,NMS9,3660.261,7.672074556,4.461345977,0,0,58
264,Mauna Lahilahi Beach Park,Honolulu,Oahu,Park,0,0,0,0,1,0,0,1,1,1,0,0,0,1,1,1,0,21.45992595,-158.20694,Standard,NA,830.142,5.42004922,9.58648246,0,0,63
265,Maunalua Bay Beach Park,Honolulu,Oahu,Park,0,0,0,0,1,0,0,1,0,0,0,0,1,0,1,1,0,21.28328966,-157.71749,Standard,NMS9,572.1823478,0.947652205,0,0,0,64
266,Mokuauia Beach,Honolulu,Oahu,Beach,0,0,0,0,0,0,0,1,0,1,0,0,0,0,0,1,0,21.66266,-157.924,Standard,NMS9,189.055,7.27252024,4.493891227,0,0,58
267,Mokuleia Army Beach,Honolulu,Oahu,Beach,0,0,0,0,0,0,0,1,1,0,1,0,0,0,0,1,0,21.58171,-158.207,Standard,NA,6515.295,6.136041859,8.077923185,0,0,58
268,Mokuleia Beach Park,Honolulu,Oahu,Park,0,0,0,0,1,0,0,1,1,1,1,0,1,1,1,0,0,21.581363,-158.19343,Standard,NA,6515.295,10.82070973,14.29184013,0,0,58
269,Nanakuli Beach Park,Honolulu,Oahu,Park,0,0,0,0,1,0,0,1,0,1,1,1,1,1,1,1,0,21.37620227,-158.14176,Standard,NA,435.002,6.674918395,3.274061383,0,0,63
270,Neil S Blaisdell Park,Honolulu,Oahu,Park,0,0,0,0,1,0,0,0,1,0,0,0,1,0,1,0,0,21.38468857,-157.95554,Rock,NA,942.404564,0,0,0,0,64
271,Nimitz Beach,Honolulu,Oahu,Beach,0,0,0,0,0,0,0,1,0,1,1,0,1,1,1,1,0,21.300298,-158.06349,Standard,NA,3908.532,1.71661892,0.007878337,0,0,64
272,Niu Beach,Honolulu,Oahu,Beach,0,0,0,0,0,0,0,1,0,1,0,0,0,0,0,1,0,21.2800312,-157.73833,Standard,NMS9,666.348,1.316298809,0.037308524,0,0,64
273,North Beach,Honolulu,Oahu,Beach,0,0,1,0,0,0,0,1,1,1,1,1,0,1,0,1,0,21.45504,-157.75,Standard,NA,2857.362,4.637175529,4.008111888,0,0,55
274,Ohikilolo,Honolulu,Oahu,Beach,0,0,0,0,0,0,0,1,1,0,0,0,0,0,0,0,0,21.5176874,-158.22901,Standard,NA,341.565,7.233026601,11.62131743,0,0,63
275,Oneula Beach Park,Honolulu,Oahu,Park,0,0,0,0,1,0,0,1,1,1,0,0,1,1,0,0,0,21.3062,-158.025,Standard,NA,1000.789,1.955828052,0.028887384,0,0,64
276,Pahipahialua Beach,Honolulu,Oahu,Beach,0,0,0,0,0,0,0,1,1,0,0,0,0,0,0,1,0,21.69587,-158.016,Standard,NMS9,1106.19,12.62566389,9.732465783,0,0,58
277,Paiko Beach,Honolulu,Oahu,Beach,0,0,0,0,0,0,0,1,0,1,0,0,0,0,0,0,0,21.28135,-157.729,Standard,NMS9,1075.678,0.241714999,1.950175439,0,0,64
278,Papailoa Beach,Honolulu,Oahu,Beach,0,0,0,0,0,0,0,1,1,1,0,0,0,0,0,0,0,21.609663,-158.09721,Standard,NMS9,1644.881,6.188991197,0,0,0,58
279,Papaoneone,Honolulu,Oahu,Beach,0,0,0,0,0,0,0,1,0,1,1,0,0,0,0,1,0,21.46257226,-158.21308,Standard,NA,558.033,7.921720694,7.420970715,0,0,63
280,Paradise Cove Public Beach,Honolulu,Oahu,Beach,0,0,0,0,0,0,0,1,1,0,1,0,1,0,1,1,0,21.34240883,-158.12781,Standard,NA,1246.182206,7.031565859,30.74729745,0,0,63
281,Point Panic Body Surfing Area,Honolulu,Oahu,Beach,0,0,0,0,0,0,0,0,1,1,0,0,1,1,1,0,0,21.2941667,-157.86417,Rock,NA,468.4969222,4.206325949,2.71116643,0,0,64
282,Pokai Bay Beach Park,Honolulu,Oahu,Park,0,0,0,0,1,0,0,1,0,1,1,1,1,1,1,1,0,21.44313449,-158.18917,Standard,NA,1013.971,8.61415747,1.716446376,0,0,63
283,Punaluu Beach Park,Honolulu,Oahu,Park,0,0,0,0,1,0,0,1,0,0,1,0,0,1,1,0,0,21.57690221,-157.88176,Standard,NMS9,799.591,0.667067315,2.027561158,0,0,55
284,Punapalaha,Honolulu,Oahu,Beach,0,0,0,0,0,0,0,1,1,0,0,0,1,0,0,0,0,21.70624734,-157.9883,Standard,NMS9,1812.986,8.718721351,6.625025964,0,0,58
285,Pupukea Beach Park,Honolulu,Oahu,Park,0,0,0,0,1,0,0,1,0,0,1,0,1,1,1,1,0,21.6525025,-158.06198,Standard,HI12,4003.290835,28.27750534,18.76001734,0,0,58
286,Puuiki Beach Park,Honolulu,Oahu,Park,0,0,0,0,1,0,0,1,0,0,0,0,1,0,1,0,0,21.5869444,-158.13944,Standard,NA,5610.069,2.183851423,0,0,0,58
287,Puuloa Beach Park,Honolulu,Oahu,Park,0,0,1,0,1,0,0,1,0,1,0,0,1,1,1,1,0,21.31370662,-157.99172,Standard,NA,5365.504,1.465624588,0.670386781,0,0,64
288,Pyramid Rock Beach,Honolulu,Oahu,Beach,0,0,0,0,0,0,0,1,0,1,0,1,0,1,1,1,0,21.45998,-157.763,Standard,NA,2857.362,14.26551865,2.147831516,0,0,55
289,Queens Beach,Honolulu,Oahu,Beach,0,0,0,0,0,0,0,1,0,1,1,1,1,1,1,1,0,21.2708333,-157.82583,Standard,NA,473.394,2.961257883,0.549163722,0,0,64
290,Sand Island State Recreation Area Park,Honolulu,Oahu,Park,0,0,0,0,1,0,0,1,0,0,0,0,1,1,1,0,0,21.29936893,-157.8704,Standard,HI63,857.714,5.74791041,1.857550641,0,0,64
291,Sandy Beach,Honolulu,Oahu,Beach,0,0,0,0,0,0,0,1,0,1,0,1,1,1,1,0,0,21.28564675,-157.67279,Standard,NA,650.623,6.411657756,0,0,0,54
292,Sans Souci State Recreational Park,Honolulu,Oahu,Park,0,0,0,0,1,0,0,1,1,1,1,1,1,1,1,1,0,21.26566043,-157.82233,Standard,NMS9,577.9030338,1.913538297,0.952752294,0,0,64
293,Sherwood Beach,Honolulu,Oahu,Beach,0,0,0,0,0,0,0,1,0,1,0,1,1,1,1,1,0,21.34426692,-157.70156,Standard,NA,5656.988,4.252113618,0.051255897,0,0,54
294,Spitting Cave,Honolulu,Oahu,Cliff,0,0,0,0,0,0,0,0,1,0,0,0,0,0,0,0,0,21.25950281,-157.70767,Rock,NMS9,3303.168756,15.52735542,0,0,0,64
295,Sunset Beach Park,Honolulu,Oahu,Park,0,0,0,0,1,0,0,1,0,1,1,1,1,1,1,1,0,21.67412874,-158.04052,Standard,NMS9,6150.29,14.74765811,7.28000302,0,0,58
296,Surfer's Beach Park,Honolulu,Oahu,Park,0,0,0,0,1,0,0,1,1,1,0,0,1,1,1,0,0,21.4119444,-158.18028,Standard,NA,694.194,3.580639645,8.245531915,0,0,63
297,Swanzy Beach Park,Honolulu,Oahu,Park,0,0,1,0,1,0,0,1,0,0,0,0,1,1,1,0,0,21.55744273,-157.85391,Standard,NA,3291.187,1.150486254,3.175185874,0,0,55
298,Three Tables,Honolulu,Oahu,Beach,0,0,0,0,0,0,0,1,1,0,1,0,1,1,1,1,0,21.64576,-158.064,Standard,HI12,154.532,21.25931293,23.90331016,0,0,58
299,Tonggs Beach,Honolulu,Oahu,Beach,0,0,0,0,0,0,0,0,1,1,0,0,0,0,0,0,0,21.25891336,-157.81932,Rock,HI1,103.9975499,3.003254994,1.142158872,0,0,64
300,Tracks Beach Park,Honolulu,Oahu,Park,0,0,0,0,1,0,0,1,0,1,1,0,1,1,1,1,0,21.360823,-158.13192,Standard,NA,1078.674,6.226678335,9.609372859,0,0,63
301,Turtle Beach,Honolulu,Oahu,Beach,0,0,0,0,0,0,0,1,1,1,1,0,1,1,1,0,0,21.70539285,-157.99714,Standard,NMS9,1812.986,10.54166825,3.850125249,0,0,58
302,Ulehawa Beach Park,Honolulu,Oahu,NA,0,0,0,0,1,0,0,1,1,1,0,0,1,1,1,0,0,21.3928052,-158.16088,NA,NA,895.107,1.880682075,8.596511604,0,0,63
303,Uppers Beach Park,Honolulu,Oahu,Park,0,0,0,0,1,0,0,0,1,0,1,0,0,0,0,0,0,21.63372551,-158.06981,Rock,NMS9,178.0168132,8.950939701,21.18038387,0,0,58
304,Waiahole Beach Park,Honolulu,Oahu,Park,0,0,0,0,1,0,0,0,1,0,0,0,0,0,0,0,0,21.484517,-157.84733,Rock,NA,1158.362789,0.431016146,0,0,0,55
305,Waialae Beach Park,Honolulu,Oahu,Park,0,0,0,0,1,0,0,1,0,1,0,0,1,1,1,0,0,21.26968411,-157.77769,Rock,NMS9,1114.966,4.884309579,3.429812908,0,0,64
306,Waikiki Beach,Honolulu,Oahu,Beach,0,1,0,0,0,0,0,1,0,1,1,1,1,1,1,1,0,21.27611011,-157.82683,Standard,NA,542.799,2.739279168,0.010467338,0,0,64
307,Wailea Point,Honolulu,Oahu,Beach,0,0,0,0,0,0,0,1,1,0,1,0,0,0,0,0,0,21.38364061,-157.70921,Standard,NA,2190.399,0,1.998758745,0,0,54
308,Wailupe Beach Park,Honolulu,Oahu,Park,0,0,0,0,1,0,0,0,1,1,0,0,1,1,1,0,0,21.27610694,-157.76031,Rock,NMS9,1231.596,9.162459542,1.71678859,0,0,64
309,Waimanalo Bay Beach Park,Honolulu,Oahu,Park,0,0,0,0,1,0,0,1,0,1,0,1,1,1,1,1,0,21.3443,-157.7023,Standard,NA,5656.988,4.389623013,0.006125965,0,0,54
310,Waimea Bay Beach Park,Honolulu,Oahu,Park,0,0,0,0,1,0,0,1,0,1,1,1,1,1,1,1,0,21.63981791,-158.06347,Standard,HI12,615.609,4.329750237,1.667535854,0,0,58
311,Wawamalu Beach Park,Honolulu,Oahu,Park,0,0,0,0,1,0,0,1,1,1,0,0,1,1,1,0,0,21.28699673,-157.66932,Standard,NMS9,368.299,10.4727709,0,0,0,54
312,White Plains Beach,Honolulu,Oahu,Beach,0,0,0,0,0,0,0,1,0,1,1,1,1,1,1,1,0,21.30413,-158.04541,Standard,NA,3908.532,0.470226751,0.089323902,0,0,64
313,H.A. Baldwin Beach Park,Maui,Maui,,0,0,0,0,1,0,0,1,0,1,1,1,1,1,1,1,0,20.912621,-156.392738,Standard,,327.076154,5.56708,25.192074,0,0,26
314,Hookipa Beach Park,Maui,Maui,,0,0,0,0,1,0,0,1,0,1,0,1,1,1,1,1,0,20.9331,-156.3586,Standard,,445,40.5618,17.178564,0,0,26
315,Kamaole 1 Beach Park,Maui,Maui,,0,0,0,0,1,0,0,1,0,0,1,1,1,1,1,1,0,20.72208,-156.448102,Standard,,627.409254,1.55766,6.215813,0,0,30
316,Kamaole 2 Beach Park,Maui,Maui,,0,0,0,0,1,0,0,1,0,0,1,1,1,1,1,1,0,20.716606,-156.446662,Standard,,403.7425,2.8364,10.264275,0,0,30
317,Kamaole 3 Beach Park,Maui,Maui,,0,0,0,0,1,0,0,1,0,0,1,1,1,1,1,1,1,20.712746,-156.446111,Standard,,301.776643,5.43214,13.919528,0,0,30
318,Wailea Beach Park,Maui,Maui,,0,0,0,0,1,0,0,1,0,0,1,0,1,1,1,1,1,20.683475,-156.443293,Standard,,388.298692,4.39845,5.597612,0,0,30
319,Kapalua Beach,Maui,Maui,,0,0,0,0,0,0,0,1,0,0,1,0,1,1,1,1,1,20.999526,-156.666323,Standard,,187.342447,13.6174,25.175021,0,0,29
320,Maalaea Beach,Maui,Maui,,0,0,0,0,0,0,0,1,0,1,1,0,0,0,0,1,0,20.794981,-156.484875,Standard,,806,5.19806,0,0,0,30
321,Sea Caves and Black Sand Beach,Maui,Maui,,0,0,0,0,0,0,0,1,0,0,0,0,1,0,0,0,0,20.997797,-156.549865,Black,,282.733682,31.2835,4.775974,0,0,29
322,Waianapanapa State Park,Maui,Maui,,0,0,0,0,1,0,0,1,0,0,0,0,1,1,1,1,1,20.788786,-156.003557,Black,,125.965005,78.3666,5.104962,0,0,24
323,Honolua Bay,Maui,Maui,,0,0,0,0,0,0,0,1,0,1,1,0,1,0,0,1,1,21.013332,-156.638156,Standard,,123.391176,35.1656,1.543879,0,0,29
324,Olowalu Beach,Maui,Maui,,0,0,0,0,0,0,0,1,0,0,1,0,0,0,0,0,0,20.810468,-156.609133,Standard,,888.170967,24.1059,12.03011,0,0,30
325,Hana Beach Park,Maui,Maui,,0,0,0,0,1,0,0,0,0,0,1,0,1,1,1,1,0,20.7551,-155.9836,Standard,,456.283206,60.5148,18.685205,0,0,22
326,DT Fleming Beach Park,Maui,Maui,,0,0,0,0,1,0,0,1,0,1,1,1,1,1,1,1,0,21.004713,-156.651697,Standard,,504,6.54645,2.688227,0,0,29
327,Honokowai Beach Park,Maui,Maui,,0,0,0,0,1,0,0,1,0,0,1,0,1,1,1,1,0,20.9545,-156.6867,Standard,,281.230889,5.62161,17.252929,0,0,29
328,Kahului Beach Park,Maui,Maui,,0,0,0,0,1,1,1,0,0,0,0,0,1,0,1,1,0,20.898249,-156.478622,999,,555,6.80991,0,0,0,26
329,Kanaha Beach Park,Maui,Maui,,0,0,0,0,1,0,0,1,0,0,0,0,1,1,1,1,0,20.897261,-156.448036,Standard,,1440.822225,6.80991,12.703864,0,0,26
330,Lower Paia Beach Park,Maui,Maui,,0,0,0,0,1,0,0,1,0,1,0,0,1,1,1,1,0,20.915633,-156.384376,Standard,,440.124553,10.541,12.841414,0,0,26
331,Papalaua Wayside Beach Park,Maui,Maui,,0,0,0,0,1,0,0,0,0,0,1,0,1,0,1,1,0,20.793294,-156.570309,Standard,,850.881818,10.1209,8.521747,0,0,30
332,Paukukalo Beach Park,Maui,Maui,,0,0,0,0,1,0,0,0,1,1,0,0,1,0,1,0,0,20.911422,-156.48948,Rock,,1068,12.2814,6.953737,0,0,26
333,Poolenalena Beach Park,Maui,Maui,,0,0,0,0,1,0,0,1,0,0,1,0,1,0,1,1,0,20.665213,-156.442039,Standard,,268.512001,6.79009,12.134312,0,0,30
334,Ukumehame Beach Park,Maui,Maui,,0,0,0,0,1,0,0,0,0,1,1,0,1,0,1,1,0,20.7947,-156.5818,Standard,,462,6.86989,2.214517,0,0,30
335,Wahikuli State Wayside Beach Park,Maui,Maui,,0,0,0,0,1,0,0,0,1,0,1,0,1,1,1,1,0,20.905514,-156.686813,Rock,,248.254535,3.85123,11.362715,0,0,29
336,Waiehu Beach Park,Maui,Maui,,0,0,0,0,1,0,0,1,0,1,1,0,1,1,1,0,0,20.922643,-156.49294,Standard,,537.706911,12.2814,14.983002,0,0,26
337,Waihee Beach Park,Maui,Maui,,0,0,0,0,1,0,0,1,0,1,1,0,1,1,1,1,0,20.933999,-156.503726,Standard,,815,9.69921,11.200006,0,0,26
338,Hanakaoo Beach Park,Maui,Maui,,0,0,0,0,1,0,0,1,0,1,1,1,1,1,1,1,0,20.909739,-156.688702,Standard,,174.446173,4.49352,20.585986,0,0,29
339,Kalama Beach Park,Maui,Maui,,0,0,0,0,1,0,0,1,0,1,1,0,1,1,1,1,0,20.7321,-156.4532,Standard,,276.586821,5.70375,0.92806,0,0,30
340,Kalepolepo Beach Park,Maui,Maui,,0,0,0,0,1,0,0,1,0,0,0,0,1,1,1,0,0,20.765439,-156.458608,Standard,,38.790529,4.37202,11.912895,0,0,30
341,Lahaina Beach,Maui,Maui,,0,0,0,0,0,0,0,1,0,1,1,0,1,0,0,1,0,20.866904,-156.675413,Standard,,745.979401,4.73961,11.694876,0,0,29
342,Puamana Beach Park,Maui,Maui,,0,0,0,0,1,0,0,1,0,1,0,0,1,0,1,1,0,20.8551,-156.6637,Standard,,311,4.03072,27.954141,0,0,29
343,Honokohau Bay,Maui,Maui,,0,0,0,0,0,0,0,0,1,1,0,0,0,0,0,0,0,21.021137,-156.610244,Rock,,488.074843,19.7998,1.365876,0,0,29
344,Honomanu Bay,Maui,Maui,,0,0,0,0,0,0,0,1,0,1,1,0,0,0,0,1,0,20.860925,-156.166048,Black,,229.533336,30,6.406891,0,0,24
345,Huakini Bay,Maui,Maui,,0,0,0,0,0,0,0,0,1,0,0,0,0,0,0,0,0,20.62898,-156.190881,Rock,,745,7.14577,1.726072,0,0,21
346,Kanapali Beach,Maui,Maui,,0,0,0,0,0,0,0,1,0,0,1,0,1,1,1,1,0,20.917915,-156.696432,Standard,,448.585292,5.92239,28.8419,0,0,29
347,Kahana Beach,Maui,Maui,,0,0,0,0,0,0,0,1,0,0,1,1,0,0,0,1,0,20.973454,-156.679672,Standard,,661.50513,5.66928,2.101491,0,0,29
348,Kaihalulu Beach,Maui,Maui,,0,0,0,0,0,0,0,0,0,0,1,0,0,0,0,1,0,20.75291,-155.98165,Red,,347.912932,81.2295,17.140975,0,0,22
349,Awalua Beach,Maui,Maui,,0,0,0,0,0,0,0,1,0,1,0,0,0,0,0,1,0,20.825409,-156.632731,Standard,,695,3.35271,28.161106,0,0,29
350,Changs Beach Park,Maui,Maui,,0,0,0,0,1,0,0,1,0,0,1,0,0,0,0,1,0,20.662134,-156.441412,Standard,,397.862054,3.06339,10.211465,0,0,30
351,Kanaio Beach,Maui,Maui,,0,0,0,0,0,0,0,0,1,0,0,0,0,0,0,0,0,20.580365,-156.395427,Rock,,320.325695,20.0771,11.969434,0,0,21
352,Keawakapu Beach,Maui,Maui,,0,0,0,0,0,0,0,1,0,0,1,0,1,1,1,1,0,20.703907,-156.446314,Standard,,1118,3.40666,5.201841,0,0,30
353,Keonenui Beach,Maui,Maui,,0,0,0,0,0,0,0,1,0,0,1,0,0,0,0,1,0,20.98512,-156.672449,Standard,,218.360984,12.5867,10.246723,0,0,29
354,Koki Beach Park,Maui,Maui,,0,0,0,0,1,0,0,1,0,1,0,0,1,0,1,1,0,20.728747,-155.985816,Red,,235.280748,26.7467,13.256075,0,0,22
355,Kuau Beach,Maui,Maui,,0,0,0,0,0,0,0,1,0,1,0,0,0,0,0,1,0,20.929409,-156.367598,Standard,,94.434958,43.4795,18.790302,0,0,26
356,Kuiaha Bay,Maui,Maui,,0,0,0,0,0,0,0,0,1,0,1,0,0,0,0,1,0,20.942035,-156.318185,Rock,,179.922943,73.9773,4.00801,0,0,26
357,La Perouse Bay,Maui,Maui,,0,0,0,0,0,0,0,0,1,1,1,0,0,0,0,1,1,20.600786,-156.42176,Rock,,63.105068,28.9701,6.246525,0,0,30
358,Charley Young Beach Park,Maui,Maui,,0,0,0,0,1,0,0,1,0,0,1,0,1,1,1,1,0,20.727146,-156.45007,Standard,,184.349452,1.26392,4.443258,0,0,30
359,Makena Landing Beach Park,Maui,Maui,,0,0,0,0,1,0,0,1,0,0,1,0,1,1,1,1,0,20.654028,-156.441177,Standard,,157.812059,6.51572,16.577787,0,0,30
360,Maliko Bay,Maui,Maui,,0,0,0,0,0,0,0,1,0,1,1,0,0,0,0,1,0,20.935508,-156.339488,Black,,103.827601,5,0.979491,0,0,26
361,Maluaka Beach Park,Maui,Maui,,0,0,0,0,0,0,0,1,0,0,1,0,0,0,0,1,0,20.647089,-156.442737,Standard,,403.233169,8.95006,12.595099,0,0,30
362,Mantokuji Bay,Maui,Maui,,0,0,0,0,0,0,0,1,0,0,0,0,0,0,0,0,0,20.919532,-156.379556,Standard,,385.088747,8.49222,14.574548,0,0,26
363,Mokapu Beach Park,Maui,Maui,,0,0,0,0,1,0,0,1,0,1,1,0,1,0,1,1,0,20.69336,-156.443924,Standard,,368.925724,9.18686,7.231583,0,0,30
364,Mokulau Beach,Maui,Maui,,0,0,0,0,0,0,0,1,0,0,0,0,0,0,0,0,0,20.639036,-156.111364,Standard,,500.311618,22.1109,6.791637,0,0,21
365,Mokuleia Beach,Maui,Maui,,0,0,0,0,0,0,0,1,0,1,0,0,0,0,0,0,0,21.011228,-156.64245,Standard,,271.227988,20.7746,4.533223,0,0,29
366,Napili Bay,Maui,Maui,,0,0,0,0,0,0,0,1,0,1,1,0,0,0,0,1,0,20.995219,-156.66652,Standard,,357.988982,7.83335,6.264851,0,0,29
367,Nuu Bay,Maui,Maui,,0,0,0,0,0,0,0,0,0,0,1,0,0,0,0,1,0,20.626995,-156.178735,Standard,,999.479448,10.2251,7.596887,0,0,21
368,Oneloa Bay,Maui,Maui,,0,0,0,0,0,0,0,1,0,1,1,0,0,0,0,1,0,21.004285,-156.659672,Standard,,381.936165,8.01358,4.728801,0,0,29
369,Oneuli Beach,Maui,Maui,,0,0,0,0,0,0,0,0,0,0,1,0,0,0,0,1,0,20.640701,-156.446626,Black,,527.862153,11.8395,26.695644,0,0,30
370,Palauea Beach,Maui,Maui,,0,0,0,0,0,0,0,1,0,0,1,0,1,0,0,1,0,20.670487,-156.443104,Standard,,267.876442,11.5724,8.346278,0,0,30
371,Polo Beach Park,Maui,Maui,,0,0,0,0,1,0,0,1,0,0,1,0,1,1,1,1,0,20.675698,-156.443571,Standard,,281.170985,7.81052,9.798215,0,0,30
372,Puunoa Beach,Maui,Maui,,0,0,0,0,0,0,0,1,0,1,1,0,1,0,0,0,0,20.882073,-156.687633,Standard,,612.403639,5.58519,13.02051,0,0,29
373,Hamoa Beach,Maui,Maui,,0,0,0,0,0,0,0,1,0,1,0,0,0,0,0,1,0,20.71986,-155.986928,Standard,,257.307598,52.6335,15.23032,0,0,22
374,Punalau Beach,Maui,Maui,,0,0,0,0,0,0,0,1,0,1,1,0,0,0,0,0,0,21.0222,-156.626,Standard,,263.847264,26.0003,14.019412,0,0,29
375,Spreckelsville Beach,Maui,Maui,,0,0,0,0,0,0,0,1,0,1,1,0,0,0,0,1,0,20.909414,-156.409356,Standard,,391.068309,6.22191,23.259392,0,0,26
376,Ulua Beach Park,Maui,Maui,,0,0,0,0,1,0,0,1,0,0,1,0,1,0,1,1,0,20.690203,-156.443476,Standard,,229.222294,5.9698,6.869187,0,0,30
377,Ahihi-Kinau Natural Area Reserve,Maui,Maui,,0,0,0,0,0,0,0,0,1,0,1,0,1,0,1,0,1,20.618205,-156.437201,Rock,,79.456069,16.9154,20.624578,0,0,30
378,Waikoloa Beach,Maui,Maui,,0,0,0,0,0,0,0,1,0,1,0,0,0,0,0,1,0,20.76152,-155.986371,Black,,445.323781,50.2609,18.57463,0,0,22
379,Maipoina Oe Iau Beach Park,Maui,Maui,,0,0,0,0,1,0,0,1,0,1,1,0,1,0,1,1,0,20.775134,-156.460514,Standard,,365,5.48754,13.948467,0,0,30
380,Hoaloha Beach Park,Maui,Maui,,0,0,0,0,1,0,0,1,0,0,0,0,1,1,1,0,0,20.891235,-156.46829,Standard,,365,6.80991,0,0,0,26
381,Launiupoko Beach Park,Maui,Maui,,0,0,0,0,1,0,0,1,0,1,0,0,1,1,1,1,0,20.840686,-156.651341,Standard,,180,8.22385,20.743771,0,0,29
382,Ali'i Kahekili Nui Beach Park,Maui,Maui,,0,0,0,0,1,0,0,1,0,0,1,0,1,1,1,1,0,20.9367,-156.69171,Standard,,360,10.1495,14.266793,0,0,29
383,Black Rock Beach Trail,Maui,Maui,,0,0,0,0,0,0,0,1,0,0,1,0,1,1,1,1,1,20.92654,-156.6968,Standard,,459,15.45,3.202861,0,0,29
384,Kipahulu Visitor Center Park,Maui,Maui,,0,0,0,0,1,0,0,0,1,0,0,0,1,0,1,0,1,20.661629,-156.044936,Rock,,695,30.0728,3.951638,0,0,21
385,Five Caves Beach,Maui,Maui,,0,0,0,0,0,0,0,0,1,0,1,0,0,0,0,1,0,20.65611,-156.442835,Rock,,11,8.54512,26.270074,0,0,30
386,Secret Cove Beach,Maui,Maui,,0,0,0,0,0,0,0,1,0,0,1,0,0,0,0,1,0,20.626927,-156.443183,Standard,,51,9.59302,3.469904,0,0,30
387,Makena State Park,Maui,Maui,,0,0,0,0,1,0,0,1,0,1,1,1,1,1,1,1,0,20.636188,-156.447286,Standard,,636,10.0139,26.529035,0,0,30
388,Molokini Island Preserve,Maui,Maui,,0,0,0,0,0,0,0,0,1,0,1,0,0,0,0,0,0,20.630952,-156.495416,Rock,,650,85,42.663116,0,1,30
389,Kihei Boat Ramp,Maui,Maui,,0,0,0,0,0,1,1,0,0,0,0,0,1,1,1,0,0,20.708112,-156.446241,999,,110,11.7133,23.385603,0,0,30
390,Cove Beach Park,Maui,Maui,,0,0,0,0,1,0,0,1,0,1,0,0,1,1,1,1,0,20.727637,-156.449866,Standard,,207,10.1735,2.861443,0,0,30
391,Kihei Canoe Club Beach,Maui,Maui,,0,0,0,0,0,0,0,1,0,0,1,0,1,0,1,1,0,20.781528,-156.462785,Standard,,465,3.5022,7.819318,0,0,30
392,Maalaea Harbor Village,Maui,Maui,,0,0,0,0,0,1,1,0,0,0,0,0,1,0,1,0,0,20.791907,-156.512209,999,,475,12.9111,4.7666,0,0,30
393,Lahaina Harbor,Maui,Maui,,0,0,0,0,1,1,1,0,0,0,0,0,1,0,1,0,0,20.871156,-156.678509,999,,308,7.53118,22.016948,0,0,29
394,Mala Boat Ramp,Maui,Maui,,0,0,0,0,0,0,0,1,0,1,1,0,1,0,1,1,0,20.885154,-156.686617,Standard,,114,7.35583,23.994076,0,0,29
395,Honokowai Point Beach,Maui,Maui,,0,0,0,0,0,0,0,1,1,0,0,0,0,0,0,1,0,20.947902,-156.692059,Standard,,205,11.8648,18.421445,0,0,29
396,Stables Beach,Maui,Maui,,0,0,0,0,0,0,0,1,0,0,1,0,0,0,0,1,0,20.907833,-156.423012,Standard,,581,4.1675,16.476136,0,0,26
397,Jaws Beach,Maui,Maui,,0,0,0,0,0,0,0,0,1,1,0,0,0,0,0,0,0,20.942298,-156.296918,Rock,,256,49.5266,6.615224,0,0,24
398,Wailua Nui Bay,Maui,Maui,,0,0,0,0,0,0,0,0,1,1,0,0,0,0,0,0,0,20.844444,-156.131111,Rock,,175,76.171,7.707103,0,0,24
399,Lipoa Street Beach,Maui,Maui,,0,0,0,0,0,0,0,1,0,0,0,0,0,0,0,1,0,20.744156,-156.458391,Standard,,425,4.90808,3.024395,0,0,30
400,Waipuilani Beach Park,Maui,Maui,,0,0,0,0,1,0,0,1,0,0,0,0,1,0,1,1,0,20.757083,-156.459515,Standard,,600,5.25041,5.650685,0,0,30
401,Sugar Beach,Maui,Maui,,0,0,0,0,0,0,0,1,0,0,0,0,1,0,1,1,0,20.784965,-156.466813,Standard,,650,5.49926,7.64255,0,0,30
402,Pohaku Park,Maui,Maui,,0,0,0,0,1,0,0,1,0,1,1,0,1,1,1,1,0,20.967837,-156.681105,Standard,,184,6.05985,4.269366,0,0,29
403,Kaopala Beach,Maui,Maui,,0,0,0,0,0,0,0,1,0,1,1,0,0,0,0,1,0,20.982094,-156.673246,Standard,,110,8.80709,1.083269,0,0,29
404,Honokeana Bay,Maui,Maui,,0,0,0,0,0,0,0,0,1,0,1,0,0,0,0,1,0,20.991864,-156.669186,Rock,,109,8.4829,12.801364,0,0,29
405,Waihee Coastal Dunes and Wildlife Refuge,Maui,Maui,,0,0,0,0,1,0,0,1,0,0,0,0,1,1,1,1,0,20.937303,-156.510675,Standard,,500,12.5323,7.903433,0,0,26
406,Kaleia Beach,Maui,Maui,,0,0,0,0,0,0,0,1,0,0,1,0,0,0,0,1,0,20.792851,-156.480233,Standard,,680,2.93302,8.338088,0,0,30
407,Huawai Bay,Maui,Lanai,Beach,0,0,0,0,0,0,0,0,1,0,1,0,0,0,0,1,1,20.7394444,-156.9191667,,,0,0,3.944844802,0,0,39
408,Hulopoe Bay Beach,Maui,Lanai,Beach,0,0,0,0,1,0,0,1,0,0,1,0,1,1,1,1,0,20.739409,-156.894004,,,432.343,0.889636781,8.059311186,0,0,39
409,Kahemano,Maui,Lanai,Beach,0,0,0,0,0,0,0,0,0,0,0,0,0,0,0,0,0,20.855596,-157.0173674,,,0,0,13.67884103,0,0,40
410,Kaumalapau Harbor,Maui,Lanai,Cliffs,0,0,0,0,0,1,0,0,1,0,0,0,1,0,0,0,0,20.7874997,-156.9936111,,,0,19.50118758,16.18058266,0,0,40
411,Kaunol_ Village,Maui,Lanai,Historical,0,0,0,0,0,0,0,0,1,0,0,0,0,0,0,0,0,20.7339265,-156.9643343,,,0,0,11.07419479,0,0,40
412,Lopa Beach,Maui,Lanai,Beach,0,0,0,0,0,0,0,1,1,0,0,0,0,0,0,1,0,20.805554,-156.8325868,,,1991.886,0,3.560496085,0,0,39
413,Manele Small Boat Harbor,Maui,Lanai,Beach,0,0,0,0,0,1,0,0,1,0,0,0,1,1,1,0,0,20.74281262,-156.8882475,,,287.924,16.1470261,8.281090421,0,0,39
414,Polihua Beach,Maui,Lanai,Beach,0,0,0,0,0,0,0,1,0,0,0,0,0,0,0,0,0,20.9203938,-157.0711034,,,6131.853,0,1.247787611,0,0,40
415,Sharks Bay,Maui,Lanai,Beach,0,0,0,0,0,0,0,1,1,1,0,0,0,1,1,0,0,20.7375,-156.8938889,Sand,,95.69,7.224053335,10.93681863,0,0,39
416,Shipwreck Beach,Maui,Lanai,Beach,0,0,0,0,0,0,0,1,1,1,0,0,0,0,0,0,0,20.776964,-156.825091,Sand,,1791.583,0,9.18429168,0,0,39
417,Awahua Beach,Maui ,Molokai,Beach,0,0,0,0,1,0,0,1,1,0,0,0,1,0,0,0,1,21.180334,-156.993224,,,662.262,8.734541472,15.51367408,0,0,44
418,IliopiI Beach,Maui,Molokai,Beach,0,0,0,0,1,0,0,1,0,0,0,0,0,0,0,0,0,21.2036033,-156.979323,,,512.609,35.00225132,12.61707751,0,0,44
419,George Murphy Beach Park,Maui,Molokai,Beach,0,0,0,0,1,0,0,1,1,0,1,0,0,0,0,0,0,21.1051254,-156.7480621,,,608.25,11.65791498,8.31992404,0,0,43
420,H_lawa Beach Park,Maui,Molokai,Beach,0,0,0,0,1,0,0,1,1,1,0,0,1,0,1,0,0,21.160053,-156.7382182,,,632.276,26.511701,0.860465116,0,0,44
421,Hale O Lono Beach,Maui,Molokai,Beach,0,0,0,0,0,0,0,1,1,1,1,0,0,0,0,1,0,21.088568,-157.257474,,,1167.376,0,0,0,0,49
422,Kakahai'a Beach Park,Maui,Molokai,Beach,0,0,0,0,1,0,0,1,0,0,0,0,0,0,0,0,0,21.0649695,-156.9429554,,,699.928,3.145542124,0.458190149,0,0,50
423,Kamalo Wharf Beach,Maui,Molokai,Beach,0,0,0,0,0,0,0,1,1,0,0,0,0,0,0,0,0,21.046896,-156.875002,,,142.587,8.880641532,1.655206761,0,0,50
424,Kamiloloa Beach,Maui,Molokai,Beach,0,0,0,0,0,0,0,1,1,0,0,0,0,0,0,0,0,21.075227,-156.984713,,,245.721,4.499634067,0.149627516,0,0,50
425,Kapukahehu Beach Dixie Maru Cove,Maui,Molokai,Beach,0,0,0,0,0,0,0,1,1,0,1,0,0,1,0,1,0,21.143516,-157.257618,,,155.495,26.16531704,0.271347813,0,0,49
426,Kapukuwahine Beach,Maui,Molokai,Beach,0,0,0,0,0,0,0,1,0,0,1,0,0,0,0,1,0,21.0958317,-157.3042536,,,1672.066,0,0,0,0,49
427,Kaunakakai Harbor,Maui,Molokai,Beach,0,0,0,0,0,1,1,0,0,0,0,0,1,0,0,1,0,21.082025,-157.027778,,,388.906,6.988106262,0.924407224,0,0,50
428,Kaupoa Beach,Maui,Molokai,Beach,0,0,0,0,0,0,0,1,0,0,1,0,0,0,0,1,0,21.129498,-157.295996,,,382.139,15.20226029,4.424970442,0,0,49
429,Kawakiu Beach,Maui,Molokai,Beach,0,0,0,0,0,0,0,1,0,0,0,0,0,0,0,1,1,21.207263,-157.249325,,,83.298,21.31823845,6.120558528,0,0,49
430,Kawili Beach,Maui,Molokai,Beach,0,0,0,0,1,0,0,1,0,0,0,0,1,0,1,1,0,21.1616614,-156.8698915,,,1334.369,0,1.018262738,0,0,44
431,Kepuhi Beach,Maui,Molokai,Beach,0,0,0,0,0,0,0,1,1,1,0,0,1,1,0,1,0,21.1889,-157.248029,,,842.822,8.411756439,7.459647131,0,0,49
432,Kiowea Beach,Maui,Molokai,Beach Park,0,0,0,0,1,0,0,1,10,0,0,0,0,0,0,0,0,21.0989677,-157.0485562,,,1891.538,3.655973967,0.630319864,0,0,50
433,K_mimi Beach Park,Maui,Molokai,Beach,0,0,0,0,0,0,0,1,0,0,1,0,0,0,0,1,0,21.105497,-156.746444,,,608.25,6.728342226,10.81033801,0,0,43
434,Lighthouse Beach,Maui,Molokai,Cliffs,0,0,0,0,1,0,0,0,1,0,0,0,0,0,0,0,0,21.101848,-157.308751,,,1807.318,41.1769103,6.436032864,0,0,49
435,Lono Harbor,Maui,Molokai,Harbor,0,0,0,0,0,1,1,0,0,0,0,0,0,0,0,0,0,21.088521,-157.2529548,,,740.681,12.71454896,0,0,0,49
436,Make Horse Pohaku Mauliuli Beach,Maui,Molokai,Beach,0,0,0,0,0,0,0,1,1,0,0,0,0,0,0,0,1,21.193326,-157.2505763,,,504.497,10.71805392,25.00787471,0,0,49
437,MoOmomi Beach,Maui,Molokai,Beach,0,0,0,0,0,0,0,1,1,0,0,0,0,0,0,0,1,21.2008316,-157.1698092,,,668.396,0,1.609921303,0,0,44
438,One Ali_i Park,Maui,Molokai,Beach Park,0,0,0,0,1,0,0,1,1,0,0,0,1,1,1,0,0,21.0716231,-156.9756191,,,1190.597,5.006851011,0.549105702,0,0,50
439,P_p_haku Beach Park,Maui,Molokai,Beach Park,0,0,0,0,1,0,0,1,0,0,0,0,1,1,1,1,0,21.1738885,-157.2540355,,,3060.481,16.56984932,7.30938548,0,0,49
440,Pelekuna Beach,Maui,Molokai,Cliffs,0,0,0,0,1,0,0,0,1,0,0,0,0,0,0,0,0,21.1644441,-156.8841667,,,432.258,18.30015714,6.381865404,0,0,44
441,PoOlau Beach,Maui,Molokai,Beach,0,0,0,0,0,0,0,0,1,0,0,0,0,0,0,0,0,21.154223,-157.278555,,,76.718,25.82743962,26.80174146,0,0,49
442,P_koo Harbor,Maui,Molokai,Beach,0,0,0,0,0,0,0,1,0,0,1,0,0,0,0,0,0,21.0671993,-156.8033086,,,752.075,5.838731373,7.734408824,0,0,43
443,Pukoo Beach,Maui,Molokai,Beach,0,0,0,0,0,0,0,1,1,0,1,0,0,0,0,1,0,21.071855,-156.798883,,,752.075,18.43846872,3.771395271,0,0,43
444,Sandy Beach,Maui,Molokai,Beach,0,0,0,0,0,0,0,1,1,0,0,0,0,0,0,1,0,21.1174996,-156.7408333,,,72.271,0,15.20554322,0,0,43