"","siteID","name","county","island","classifica","citypark","sports","playground","home","park","harbor","manmade","sand","rock","surf","snork","lifeguard","parking","showers","restrooms","swim","trailall","sand_type","mpa","beach_leng","res_fish_bio","PNAS","haleakala","molokini","Box_ID_2","beachlarge","beachmedium","beachsmall","coastal"
"1",0,"Home","Hawaii","Hawaii","",0,0,0,1,0,0,0,0,0,0,0,0,0,0,0,0,0,"0","0",0,0,0,0,0,0,0,0,1,0
"2",0,"Home","Honolulu","Oahu","",0,0,0,1,0,0,0,0,0,0,0,0,0,0,0,0,0,"0","0",0,0,0,0,0,0,0,0,1,0
"3",0,"Home","Maui","Maui","",0,0,0,1,0,0,0,0,0,0,0,0,0,0,0,0,0,"0","0",0,0,0,0,0,0,0,0,1,0
"4",0,"Home","Kauai","Kauai","",0,0,0,1,0,0,0,0,0,0,0,0,0,0,0,0,0,"0","0",0,0,0,0,0,0,0,0,1,0
"5",0,"Home","Lanai","Lanai","",0,0,0,1,0,0,0,0,0,0,0,0,0,0,0,0,0,"0","0",0,0,0,0,0,0,0,0,1,0
"6",0,"Home","Molokai","Molokai","",0,0,0,1,0,0,0,0,0,0,0,0,0,0,0,0,0,"0","0",0,0,0,0,0,0,0,0,1,0
"7",1,"49 Black Sand Beach (Honokaope Bay)","Hawaii","Hawaii","Beach",0,0,0,0,0,0,0,1,0,0,1,0,1,1,1,1,0,"Black","HI27",101.435,14.77295325,18.041924,0,0,11,0,0,1,1
"8",2,"Akahu Kaimu","Hawaii","Hawaii","Bay",0,0,0,0,0,0,0,0,1,0,0,0,0,0,0,0,1,"Rock","NMS9",317.125,17.55216156,29.0168266,0,0,11,0,1,0,1
"9",3,"Alahaka Bay (Puuhonua O Honaunau National Historical Park)","Hawaii","Hawaii","Bay",0,0,0,0,0,0,0,0,1,0,0,0,1,0,1,0,1,"Rock","HI27",2232.331,28.91339173,19.35559116,0,0,18,1,0,0,1
"10",4,"Ali'i Saltwater Swimming Pool","Hawaii","Hawaii",NA,0,0,0,0,0,0,0,0,1,0,0,0,1,1,0,1,0,NA,NA,0,26.26646915,17.49881205,0,0,18,0,0,1,1
"11",5,"Alula Beach","Hawaii","Hawaii","Beach",0,0,0,0,0,0,0,1,1,0,1,0,0,0,0,1,0,"Standard","NPS24",82.614,26.65584414,14.02039333,0,0,18,0,0,1,1
"12",6,"Anaehoomalu Bay","Hawaii","Hawaii","Bay",0,0,0,0,0,0,0,1,1,1,1,0,1,1,1,1,0,"Standard","HI27",1299.904,12.18688387,7.032602519,0,0,11,1,0,0,1
"13",7,"Awakee Bay","Hawaii","Hawaii","Bay",0,0,0,0,0,0,0,0,1,0,1,0,0,0,0,0,1,"Rock","HI27",600.192,12.75672213,20.54949355,0,0,11,1,0,0,1
"14",8,"Beans Beach","Hawaii","Hawaii","Beach",0,0,0,0,0,0,0,1,1,0,0,0,0,0,0,0,0,"Standard","HI24",279.773,44.06453995,14.79236594,0,0,18,0,1,0,1
"15",9,"Carlsmith Beach Park","Hawaii","Hawaii",NA,0,0,0,0,1,0,0,0,1,0,1,1,1,1,1,1,0,NA,NA,434.59,0,15.76745909,0,0,4,0,1,0,1
"16",10,"Hakalau Beach Park","Hawaii","Hawaii","Bay",0,0,0,0,1,0,0,1,1,1,0,0,1,0,0,1,0,"Rock",NA,220.697,0,2.144878909,0,0,10,0,1,0,1
"17",11,"Hapuna Beach State Park","Hawaii","Hawaii","Park",0,0,0,0,1,0,0,1,0,1,1,1,1,1,1,1,0,"Standard","NMS9",576.001,6.633712959,1.33144989,0,0,11,1,0,0,1
"18",12,"Hawaiian Shores Papio Park Cliff","Hawaii","Hawaii","Park",0,0,0,0,1,0,0,0,1,0,0,0,1,0,1,0,0,"Rock",NA,340,26.46514738,12.87923783,0,0,4,0,1,0,1
"19",13,"Heeia Bay","Hawaii","Hawaii","Bay",0,0,0,0,0,0,0,0,1,0,1,0,0,0,0,0,0,"Rock","HI27",40.226,16.36743983,10.45203162,0,0,18,0,0,1,1
"20",14,"Hilo Bayfront Beach Park","Hawaii","Hawaii","Park",0,1,1,0,1,0,0,1,0,1,0,0,1,1,1,0,0,"Black","HI23",738.444,0,0,0,0,4,1,0,0,1
"21",15,"Hilo Harbor","Hawaii","Hawaii","Harbor",0,0,0,0,0,1,1,0,1,0,0,0,1,0,1,0,0,"Rock","HI23",1565.35,0,1.452069512,0,0,4,1,0,0,1
"22",16,"Holana Bay","Hawaii","Hawaii","Bay",0,0,0,0,0,0,0,0,1,0,0,0,0,0,0,0,0,"Rock","NMS9",513.394,16.35795729,17.37915318,0,0,11,1,0,0,1
"23",17,"Holualoa Bay","Hawaii","Hawaii","Bay",0,0,0,0,0,0,0,0,1,1,1,0,1,0,0,0,0,"Rock","HI27",192.714,11.08882219,8.506565788,0,0,18,0,0,1,1
"24",18,"Honokohau Bay Beach","Hawaii","Hawaii","Bay",0,0,0,0,0,0,0,1,1,1,1,0,0,0,0,1,0,"Standard","HI27",1091.527,6.044356594,13.76322413,0,0,18,1,0,0,1
"25",19,"Honokohau Small Boat Harbor","Hawaii","Hawaii","Harbor",0,0,0,0,0,1,1,0,1,0,0,0,1,1,1,0,0,"Rock","HI27",0,0,5.715380851,0,0,18,0,0,1,1
"26",20,"Honolii Beach Park","Hawaii","Hawaii","Park",0,0,0,0,1,0,0,1,1,1,0,1,1,1,1,0,0,"Black",NA,426.086,0,2.680189693,0,0,4,0,1,0,1
"27",21,"Honomalino Beach","Hawaii","Hawaii","Bay",0,0,0,0,0,0,0,1,0,0,1,0,0,0,0,1,0,"Standard","HI27",199.937,18.74239479,12.07587234,0,0,18,0,0,1,1
"28",22,"Hookena Beach Park","Hawaii","Hawaii","Park",0,0,0,0,1,0,0,1,0,1,1,1,1,1,1,1,0,"Gray","HI27",170.454,19.80826905,12.76693429,0,0,18,0,0,1,1
"29",23,"Hoolulu Cove","Hawaii","Hawaii","Bay",0,0,0,0,0,0,0,1,1,0,0,0,1,1,1,0,NA,"Rock","HI29",338.568,18.21946413,10.58186776,0,0,18,0,1,0,1
"30",24,"Hoona Bay (Makako Bay)","Hawaii","Hawaii","Bay",0,0,0,0,0,0,0,1,1,0,0,0,0,0,0,0,0,"Standard","NMS9",97.474,33.10295574,19.03951412,0,0,18,0,0,1,1
"31",25,"James Kealoha Beach Park","Hawaii","Hawaii","Park",0,0,0,0,1,0,0,0,1,1,1,1,1,1,1,1,0,"Rock",NA,319.853,0,13.25210173,0,0,4,0,1,0,1
"32",26,"Kaelehuluhulu (Mahaiula Bay)","Hawaii","Hawaii","Beach",0,0,0,0,0,0,0,1,1,0,0,0,1,0,1,0,0,"Standard","HI27",1007.115,6.43578831,8.428705289,0,0,11,1,0,0,1
"33",27,"Kahaluu Beach Park","Hawaii","Hawaii","Park",0,0,0,0,1,0,0,1,1,1,1,1,1,1,1,1,0,"Black","HI27",314.709,7.760717792,5.685287064,0,0,18,0,1,0,1
"34",28,"Kahakai Park","Hawaii","Hawaii",NA,0,0,0,0,0,0,0,0,1,0,0,0,1,0,0,0,0,NA,NA,129.756,24.09315361,14.11399186,0,0,4,0,0,1,1
"35",29,"Kahauloa Bay","Hawaii","Hawaii","Bay",0,0,0,0,0,0,0,0,1,0,0,0,0,0,0,0,0,"Rock","HI27",30.052,21.89018777,16.97832905,0,0,18,0,0,1,1
"36",30,"Kahoiawa Bay","Hawaii","Hawaii","Bay",0,0,0,0,0,0,0,1,1,0,1,0,0,0,0,0,1,"Standard","HI27",603.029,18.67333176,14.44531512,0,0,11,1,0,0,1
"37",31,"Kakapa Bay","Hawaii","Hawaii","Bay",0,0,0,0,0,0,0,0,1,0,0,0,0,0,0,0,0,"Rock","HI27",565.537,12.596653,22.4730532,0,0,11,1,0,0,1
"38",32,"Kalolo","Hawaii","Hawaii","Bay",0,0,0,0,0,0,0,1,1,0,0,0,1,0,0,0,0,"Standard",NA,904.306,27.16563295,8.802993625,0,0,3,1,0,0,1
"39",33,"Kamakahonu Beach","Hawaii","Hawaii","Beach",0,0,0,0,0,0,0,1,0,0,1,0,1,1,1,1,0,"Standard",NA,50.927,23.91585664,10.31363775,0,0,18,0,0,1,1
"40",34,"Kamehame Beach","Hawaii","Hawaii","Beach",0,0,0,0,0,0,0,1,1,0,0,0,0,0,0,0,1,"Black",NA,185.587,36.21636668,5.812004446,0,0,3,0,0,1,1
"41",35,"Kapaa Beach Park","Hawaii","Hawaii","Park",0,0,0,0,1,0,0,0,1,0,1,0,1,1,1,1,0,"Rock","NMS9",455.741,26.58235107,8.248918919,0,0,11,0,1,0,1
"42",36,"Kaulana Bay","Hawaii","Hawaii","Bay",0,0,0,0,0,0,0,1,1,0,0,0,0,0,0,0,1,"Standard",NA,121.045,30.22395792,10.38211964,0,0,3,0,0,1,1
"43",37,"Kaunaoa (Mauna Kea) Beach","Hawaii","Hawaii","Beach",0,0,0,0,0,0,0,1,0,1,1,0,0,1,1,1,0,"Standard",NA,447.231,10.087129,2.728665006,0,0,11,0,1,0,1
"44",38,"Kaupulehu Beach (Kahuwai Bay)","Hawaii","Hawaii","Beach",0,0,0,0,0,0,0,1,0,0,0,0,1,0,0,0,0,"Standard","HI27",1165.519,10.22889024,17.42407703,0,0,11,1,0,0,1
"45",39,"Kawaihae Harbor","Hawaii","Hawaii","Harbor",0,0,0,0,0,1,1,1,1,0,0,0,1,0,1,0,0,"Standard","HI18",987.684,9.897008928,18.86808511,0,0,11,1,0,0,1
"46",40,"Kealakekua Bay State Historical Park","Hawaii","Hawaii","Bay",0,0,0,0,1,0,0,0,1,0,1,0,1,1,1,0,1,"Rock","HI18",1768.211,35.80460203,21.46903949,0,0,18,1,0,0,1
"47",41,"Keauhou Bay Beach Park","Hawaii","Hawaii","Beach",0,0,0,0,1,0,0,1,1,0,0,0,1,0,1,0,0,"Standard","HI17",49.558,17.67971211,5.982348666,0,0,18,0,0,1,1
"48",42,"Keaukaha Beach Park","Hawaii","Hawaii","Park",0,0,0,0,1,0,0,0,1,0,1,0,1,1,0,1,0,"Rock",NA,209.791,0,40.0826939,0,0,4,0,1,0,1
"49",43,"Keawaeli Bay","Hawaii","Hawaii","Bay",0,0,0,0,0,0,0,0,1,0,0,0,0,0,0,0,1,"Rock","HI44",936.195,0,7.094048268,0,0,10,1,0,0,1
"50",44,"Keawaiki Bay","Hawaii","Hawaii","Bay",0,0,0,0,0,0,0,1,1,0,0,0,1,0,0,0,1,"Black","NMS9",825.646,20.96341959,29.77159038,0,0,11,1,0,0,1
"51",45,"Keawanui Bay","Hawaii","Hawaii","Bay",0,0,0,0,0,0,0,1,1,0,0,0,0,0,0,0,0,"Standard","NMS9",412.897,22.90829754,19.01179071,0,0,11,0,1,0,1
"52",46,"Keei Beach","Hawaii","Hawaii","Beach",0,0,0,0,0,0,0,1,0,1,1,0,0,0,0,1,0,"Standard","HI27",206.49,13.29433997,13.97812963,0,0,18,0,1,0,1
"53",47,"Kehena Beach","Hawaii","Hawaii","Beach",0,0,0,0,0,0,0,1,0,0,0,0,0,0,0,1,0,"Black",NA,118.027,29.01999711,5.417923049,0,0,4,0,0,1,1
"54",48,"Keokea Beach Park","Hawaii","Hawaii","Park",0,0,0,0,1,0,0,1,1,0,0,0,1,1,1,0,0,"Rock",NA,900.781,0,9.501727505,0,0,10,1,0,0,1
"55",49,"Keoneele Cove","Hawaii","Hawaii","Bay",0,0,0,0,0,0,0,1,1,0,0,0,1,1,1,0,0,"Standard","HI27",232.206,27.02755665,17.985575,0,0,18,0,1,0,1
"56",50,"Kiholo Bay","Hawaii","Hawaii","Bay",0,0,0,0,0,0,0,1,1,0,1,0,1,0,0,1,1,"Black","HI6",2068.037,17.28554661,35.43774996,0,0,11,1,0,0,1
"57",51,"Kiilae Bay Village","Hawaii","Hawaii","Bay",0,0,0,0,0,0,0,0,1,0,0,0,1,1,1,0,1,"Rock","HI27",2232.331,27.70229616,24.17642562,0,0,18,1,0,0,1
"58",52,"Kolekole Beach Park","Hawaii","Hawaii","Park",0,0,0,0,1,0,0,0,1,0,0,0,1,1,1,0,0,"Rock",NA,180.936,0,0.597622314,0,0,10,0,0,1,1
"59",53,"Kuhio Kalanianaole Park","Hawaii","Hawaii",NA,0,0,0,0,1,0,0,0,1,0,0,0,1,0,1,1,0,NA,NA,359.807,0,0,0,0,4,0,1,0,1
"60",54,"Kukio Beach","Hawaii","Hawaii","Beach",0,0,0,0,0,0,0,1,0,0,0,0,1,1,1,0,0,"Standard","HI27",632.791,6.956776103,11.96319231,0,0,11,1,0,0,1
"61",55,"Laupahoehoe Beach Park","Hawaii","Hawaii","Park",0,0,0,0,1,0,0,0,1,0,0,0,1,1,1,1,0,"Rock",NA,574.263,0,0.124315872,0,0,10,1,0,0,1
"62",56,"Leleiwi Beach Park (Wai’uli)","Hawaii","Hawaii",NA,0,0,0,0,1,0,0,0,1,0,1,0,1,1,0,0,0,NA,NA,207.867,0,20.97865145,0,0,4,0,1,0,1
"63",57,"Mahukona Beach Park","Hawaii","Hawaii","Park",0,0,0,0,1,0,0,0,1,0,1,0,1,1,1,1,0,"Rock","NMS9",343.872,22.34549165,16.77019561,0,0,11,0,1,0,1
"64",58,"Makuu Point","Hawaii","Hawaii",NA,0,0,0,0,0,0,0,0,1,0,0,0,1,0,0,0,0,NA,NA,199.1,20.98358738,18.14565986,0,0,4,0,0,1,1
"65",59,"Makaiwa Bay","Hawaii","Hawaii","Bay",0,0,0,0,0,0,0,1,1,0,1,0,1,1,1,1,0,"Standard","NMS9",97.664,16.02828607,14.3078283,0,0,11,0,0,1,1
"66",60,"Makalawena Beach (Puualii Bay)","Hawaii","Hawaii","Beach",0,0,0,0,0,0,0,1,0,1,1,0,0,0,0,1,1,"Standard","HI27",772.644,9.788262468,5.492278223,0,0,11,1,0,0,1
"67",61,"Makolea Black Sand Beach","Hawaii","Hawaii","Beach",0,0,0,0,0,0,0,1,1,0,1,0,0,0,0,0,1,"Black","NMS9",97.474,21.72541847,20.16930616,0,0,11,0,0,1,1
"68",62,"Makolea Beach","Hawaii","Hawaii",NA,0,0,0,0,0,0,0,0,1,0,0,0,1,0,0,0,0,NA,NA,424.399,18.22605673,13.65444023,0,0,18,0,1,0,1
"69",63,"Manini Beach","Hawaii","Hawaii","Beach",0,0,0,0,0,0,0,1,1,1,1,0,0,0,1,1,0,"Standard","HI18",82.449,20.99061672,12.30788905,0,0,18,0,0,1,1
"70",64,"Maniniowali Beach (Kua Bay)","Hawaii","Hawaii","Beach",0,0,0,0,0,0,0,1,0,1,1,0,0,1,1,1,0,"Standard","HI27",324.639,14.43769521,5.49098826,0,0,11,0,1,0,1
"71",65,"Milolii Beach Park","Hawaii","Hawaii","Park",0,0,0,0,1,0,0,1,1,1,1,0,0,1,1,1,0,"Standard","HI27",129.019,17.15537988,13.91894679,0,0,18,0,0,1,1
"72",66,"Moku Ola / Coconut Island","Hawaii","Hawaii",NA,0,0,0,0,1,0,0,1,1,0,0,0,1,0,1,1,0,NA,NA,377.146,0,0,0,0,4,0,1,0,1
"73",67,"Nanuku Inlet","Hawaii","Hawaii","Bay",0,0,0,0,0,0,0,1,1,0,0,0,0,0,0,0,0,"Standard","NMS9",386.837,8.928244869,13.30002817,0,0,11,0,1,0,1
"74",68,"Ninole Cove","Hawaii","Hawaii","Bay",0,0,0,0,0,0,0,0,1,0,1,0,0,0,0,0,1,"Rock",NA,671.976,13.32008899,15.34035628,0,0,3,1,0,0,1
"75",69,"Ohiki Bay","Hawaii","Hawaii","Bay",0,0,0,0,0,0,0,0,1,0,0,0,0,0,0,0,1,"Rock","NMS9",542.64,34.3010823,27.10943946,0,0,11,1,0,0,1
"76",70,"Old Kona Airport Beach Park","Hawaii","Hawaii",NA,0,0,0,0,1,0,0,1,1,0,1,0,1,1,1,0,0,NA,NA,1033.914,45.51528568,19.12680135,0,0,18,1,0,0,1
"77",71,"Hale Halawai Park (Oneo Bay)","Hawaii","Hawaii","Bay",0,1,0,0,1,0,0,1,1,0,1,0,0,0,1,1,0,"Standard",NA,131.083,17.45328122,15.9357955,0,0,18,0,0,1,1
"78",72,"Onekahakaha Beach Park","Hawaii","Hawaii",NA,0,0,0,0,1,0,0,0,1,0,1,1,1,1,1,1,0,NA,NA,316.06,0,16.01484511,0,0,4,0,1,0,1
"79",73,"Onomea Bay","Hawaii","Hawaii","Bay",0,0,0,0,0,0,0,0,1,0,0,0,1,0,0,0,1,"Rock",NA,261.216,0,8.125049852,0,0,4,0,1,0,1
"80",74,"Pahoehoe Beach Park","Hawaii","Hawaii","Park",0,0,0,0,1,0,0,0,1,0,1,0,0,1,1,0,0,"Rock","HI27",117.553,17.69472585,6.354411293,0,0,18,0,0,1,1
"81",75,"Haena Beach/ Shipwreck Beach","Hawaii","Hawaii",NA,0,0,0,0,0,0,0,1,1,0,0,0,1,0,0,1,1,NA,NA,216.113,19.69513293,11.00702085,0,0,4,0,1,0,1
"82",76,"Papakolea Green Sand Beach","Hawaii","Hawaii","Beach",0,0,0,0,0,0,0,1,1,1,1,0,0,0,0,0,1,"Green",NA,388.797,30.3616894,1.6666974,0,0,3,0,1,0,1
"83",77,"Paradise Cliffs","Hawaii","Hawaii",NA,0,0,0,0,0,0,0,0,1,0,0,0,0,0,0,0,0,NA,NA,336.883,20.13569485,11.22321429,0,0,4,0,1,0,1
"84",78,"Pauoa Bay","Hawaii","Hawaii","Bay",0,0,0,0,0,0,0,1,1,0,1,0,0,0,0,1,0,"Standard","HI27",118.144,17.73827279,18.96281986,0,0,11,0,0,1,1
"85",79,"Pawai Bay","Hawaii","Hawaii","Bay",0,0,0,0,0,0,0,1,1,0,1,0,0,0,0,0,0,"Standard",NA,578.914,42.5253989,15.76564509,0,0,18,1,0,0,1
"86",80,"Pohoiki Black Sand Beach","Hawaii","Hawaii","Bay",0,0,0,0,0,0,0,1,1,1,0,1,1,0,1,1,0,"Black",NA,911.412,17.38655489,7.431299704,0,0,4,1,0,0,1
"87",81,"Pohue Beach","Hawaii","Hawaii","Beach",0,0,0,0,0,0,0,1,0,0,1,0,0,0,0,1,0,"Standard","HI27",108.761,31.88097423,6.034119576,0,0,18,0,0,1,1
"88",82,"Pololu Trail","Hawaii","Hawaii",NA,0,0,0,0,0,0,0,1,1,0,0,0,1,0,0,0,1,NA,NA,776.106,0,0.228665029,0,0,10,1,0,0,1
"89",83,"Puako Bay","Hawaii","Hawaii","Bay",0,0,0,0,0,0,0,1,1,0,1,0,1,1,1,1,0,"Standard","HI12",1339.273,15.67722215,10.21609364,0,0,11,1,0,0,1
"90",84,"Pueo Bay","Hawaii","Hawaii","Bay",0,0,0,0,0,0,0,1,1,0,0,0,1,0,0,0,1,"Balck","NMS9",1038.461,16.86440138,30.65945457,0,0,11,1,0,0,1
"91",85,"Punaluu Beach","Hawaii","Hawaii","Beach",0,0,0,0,0,0,0,1,1,0,0,1,1,1,1,1,0,"Black",NA,367.741,13.4048649,11.13802689,0,0,3,0,1,0,1
"92",86,"Richardson Ocean Park","Hawaii","Hawaii",NA,0,0,0,0,1,0,0,1,1,0,1,1,1,1,1,1,0,NA,NA,241.17,0,24.6934615,0,0,4,0,1,0,1
"93",87,"Reeds Bay Beach Park","Hawaii","Hawaii","Park",0,0,0,0,1,0,0,1,1,0,0,0,1,1,1,1,0,"Standard","HI23",205.168,0,0,0,0,4,0,1,0,1
"94",88,"Spencer Beach Park","Hawaii","Hawaii","Park",0,1,0,0,1,0,0,1,0,1,1,1,1,1,1,1,0,"Standard","NMS9",421.154,10.77872405,16.97873452,0,0,11,0,1,0,1
"95",89,"South Point (End of the World) Luakeananolo","Hawaii","Hawaii",NA,0,0,0,0,0,0,0,0,1,0,0,0,1,0,0,0,0,NA,NA,1508.011,36.9597658,10.12830189,0,0,18,1,0,0,1
"96",90,"Two Step Beach","Hawaii","Hawaii",NA,0,0,0,0,0,0,0,0,1,0,1,0,1,0,1,0,0,NA,NA,116.068,27.97257636,18.93099857,0,0,18,0,0,1,1
"97",91,"Umiwai Bay","Hawaii","Hawaii","Bay",0,0,0,0,0,0,0,0,1,0,0,0,0,0,0,0,0,"Rock","NMS9",267.087,0,7.477911647,0,0,11,0,1,0,1
"98",92,"Waiaha (Honl’s Beach)","Hawaii","Hawaii","Bay",0,0,0,0,0,0,0,1,1,1,0,0,1,1,1,0,0,"Standard","HI27",93.557,21.91970122,19.53088961,0,0,18,0,0,1,1
"99",93,"Waiakaalio Bay","Hawaii","Hawaii","Bay",0,0,0,0,0,0,0,0,1,0,0,0,0,0,0,0,0,"Rock","HI27",515.527,24.0692003,15.18872704,0,0,11,1,0,0,1
"100",94,"Waialea Bay Beach","Hawaii","Hawaii","Beach",0,0,0,0,0,0,0,1,0,1,1,0,1,1,1,1,0,"Standard","HI21",732.145,10.41819745,8.443369625,0,0,11,1,0,0,1
"101",95,"Waimanu Bay","Hawaii","Hawaii","Bay",0,0,0,0,0,0,0,1,1,0,0,0,0,0,0,0,1,"Black","HI44",1362.037,14.05040253,4.497556092,0,0,10,1,0,0,1
"102",96,"Waipi'o Black Sand Beach","Hawaii","Hawaii","Bay",0,0,0,0,0,0,0,1,1,0,0,0,0,0,0,0,1,"Black","HI44",1736.364,13.5242053,8.832682204,0,0,10,1,0,0,1
"103",97,"Waiulua Bay","Hawaii","Hawaii","Bay",0,0,0,0,0,0,0,1,1,0,1,0,0,0,0,0,0,"Standard","HI27",101.435,13.70595886,18.73616626,0,0,11,0,0,1,1
"104",98,"Wai'olena Beach Park","Hawaii","Hawaii",NA,0,0,0,0,1,0,0,0,1,1,0,0,1,0,1,0,0,NA,NA,160.16,0,19.55136519,0,0,4,0,0,1,1
"105",99,"Wawaloli Beach Park","Hawaii","Hawaii","Park",0,0,0,0,1,0,0,1,1,0,1,0,1,1,1,1,0,"Standard",NA,823.869,20.56639809,22.37179749,0,0,18,1,0,0,1
"106",100,"White Sands (Disappearing  or Magic) Beach Park","Hawaii","Hawaii","Park",0,0,0,0,1,0,0,1,1,1,1,1,1,1,1,1,0,"Rock",NA,66.423,19.2342705,7.85406946,0,0,18,0,0,1,1
"107",101,"Whittington Beach Park","Hawaii","Hawaii","Park",0,0,0,0,1,0,0,0,1,0,0,0,1,1,1,0,0,"Rock",NA,400.021,19.94672939,5.280245772,0,0,3,0,1,0,1
"108",102,"Aliomanu Beach","Kauai","Kauai","Beach",0,0,0,0,0,0,0,1,1,0,1,0,0,1,1,0,0,"Standard",NA,795.533,29.89129751,16.66576244,0,0,70,1,0,0,1
"109",103,"Allerton Beach","Kauai","Kauai",NA,0,0,0,0,0,0,0,1,1,0,1,0,0,0,0,1,0,NA,NA,290.008,54.37459357,0.520341951,0,0,67,0,1,0,1
"110",104,"Anahola Beach Park","Kauai","Kauai","Park",0,0,0,0,1,0,0,1,0,1,1,1,1,1,1,1,0,"Standard",NA,2996.08,18.41802295,0.31217147,0,0,70,1,0,0,1
"111",105,"Anini Beach Park","Kauai","Kauai","Park",0,0,0,0,1,0,0,1,0,0,1,0,1,1,1,1,0,"Standard","NMS9",3991.025,20.51655215,0.787193347,0,0,70,1,0,0,1
"112",106,"Baby Beach","Kauai","Kauai","Beach",0,0,0,0,0,0,0,1,1,0,0,0,0,0,0,0,0,"Standard",NA,189.818873,32.53957136,6.521808981,0,0,67,0,0,1,1
"113",107,"Brennecke Beach","Kauai","Kauai","Beach",0,0,0,0,0,0,0,1,1,0,0,0,1,0,0,0,0,"Standard",NA,204.663,29.57546548,4.115132261,0,0,67,0,1,0,1
"114",108,"Donkey Beach","Kauai","Kauai","Beach",0,0,0,0,0,0,0,1,0,1,0,0,1,1,1,0,0,"Standard",NA,615.652,30.4886705,1.502434744,0,0,70,1,0,0,1
"115",109,"Gillins Beach","Kauai","Kauai","Beach",0,0,0,0,0,0,0,1,0,0,0,0,0,0,0,0,0,"Standard",NA,1277.081,23.32687059,5.787357539,0,0,67,1,0,0,1
"116",110,"Glass Beach","Kauai","Kauai","Beach",0,0,0,0,0,0,0,1,1,0,0,0,0,0,0,0,0,"Standard",NA,185.72,16.45628427,0,0,0,67,0,0,1,1
"117",111,"Haena Beach Park","Kauai","Kauai","Park",0,0,0,0,1,0,0,1,0,1,0,1,0,1,1,0,0,"Standard","NMS9",5725.725,23.8911997,0.55046205,0,0,70,1,0,0,1
"118",112,"Hanakapiai Beach","Kauai","Kauai","Beach",0,0,0,0,0,0,0,1,1,0,0,0,0,0,0,0,1,"Standard",NA,147.517,13.75585885,1.091309175,0,0,71,0,0,1,1
"119",113,"Hanalei Pavilion Beach Park","Kauai","Kauai","Park",0,0,0,0,1,0,0,1,0,1,1,1,0,1,1,1,0,"Standard","NMS9",3997.265,10.33175214,0.044819624,0,0,70,1,0,0,1
"120",114,"Hanamaulu Beach Park","Kauai","Kauai","Park",0,0,1,0,1,0,0,1,0,0,0,0,1,1,1,0,0,"Standard","HI28",650.352,14.92384362,0.013835086,0,0,70,1,0,0,1
"121",115,"Haula Beach","Kauai","Kauai","Beach",0,0,0,0,0,0,0,1,1,0,1,0,0,0,0,0,0,"Standard",NA,172.591,44.40607698,0.486550958,0,0,67,0,0,1,1
"122",116,"Hoai Bay","Kauai","Kauai","Bay",0,0,0,0,0,0,0,0,1,0,1,0,0,0,0,0,0,"Rock",NA,185,20.62826126,4.308591101,0,0,67,0,0,1,1
"123",117,"Honopu Beach","Kauai","Kauai","Beach",0,0,0,0,0,0,0,1,1,0,0,0,0,0,0,1,1,"Standard",NA,774.818,15.07711778,2.128092234,0,0,71,1,0,0,1
"124",118,"Kahili Quarry Beach","Kauai","Kauai","Beach",0,0,0,0,0,0,0,1,1,1,0,0,0,0,0,1,0,"Standard",NA,830.491,20.28898931,0.328767123,0,0,70,1,0,0,1
"125",119,"Kalalau Beach","Kauai","Kauai","Beach",0,0,0,0,0,0,0,1,0,0,0,0,0,0,0,0,1,"Standard",NA,613.339,14.04463842,0.964047131,0,0,71,1,0,0,1
"126",120,"Kalapaki Beach","Kauai","Kauai","Beach",0,0,0,0,0,0,0,1,0,1,0,0,0,0,1,1,0,"Standard",NA,574.334,0,2.994962553,0,0,70,1,0,0,1
"127",121,"Kalihiwai Beach","Kauai","Kauai","Beach",0,0,0,0,0,0,0,1,0,1,0,0,0,0,0,1,0,"Standard","NMS9",580.313,19.29551215,1.384841037,0,0,70,1,0,0,1
"128",122,"Kapaa Beach Park","Kauai","Kauai","Park",0,1,0,0,1,0,0,1,0,0,1,0,1,1,1,0,0,"Standard",NA,795.231,26.22758364,5.33556998,0,0,70,1,0,0,1
"129",123,"Kauapea Beach","Kauai","Kauai",NA,0,0,0,0,0,0,0,1,2,0,0,0,0,0,0,0,0,NA,NA,2810.915,19.96592689,0.341739759,0,0,70,1,0,0,1
"130",124,"Kealia Beach","Kauai","Kauai","Beach",0,0,0,0,0,0,0,1,0,1,0,1,0,1,1,1,0,"Standard",NA,1500.931,25.79857382,0.444605293,0,0,70,1,0,0,1
"131",125,"Kee Beach Park","Kauai","Kauai","Park",0,0,0,0,1,0,0,1,1,1,1,1,1,1,1,1,0,"Standard","NMS9",5725.725,27.62996171,11.96491045,0,0,70,1,0,0,1
"132",126,"Keiki Cove Beach","Kauai","Kauai","Beach",0,0,0,0,0,0,0,1,1,0,0,0,0,0,0,1,0,"Standard",NA,17.79,16.55584104,6.58552401,0,0,67,0,0,1,1
"133",127,"Kekaha Beach Park","Kauai","Kauai","Park",0,0,0,0,1,0,0,1,0,1,0,1,0,1,1,0,0,"Standard",NA,20518.938,9.630216885,0,0,0,67,1,0,0,1
"134",128,"Kepuhi Beach","Kauai","Kauai","Beach",0,0,0,0,0,0,0,1,1,0,1,0,0,0,0,0,0,"Standard","NMS9",5725.725,11.16597436,10.20369201,0,0,70,1,0,0,1
"135",129,"Kiahuna Beach","Kauai","Kauai","Beach",0,0,0,0,0,0,0,1,1,1,1,0,0,1,1,1,0,"Standard",NA,427.8034175,19.12883192,3.744252118,0,0,67,0,1,0,1
"136",130,"Kīkīaola Harbor","Kauai","Kauai",NA,0,0,0,0,0,1,1,0,0,0,0,0,1,1,1,0,0,NA,NA,163.616,10.43325389,0,0,0,67,0,0,1,1
"137",131,"Kipu Kai Beach","Kauai","Kauai","Beach",0,0,0,0,0,0,0,1,0,1,0,0,0,0,0,0,0,"Standard",NA,1015.46,25.66414124,0.687137203,0,0,67,1,0,0,1
"138",132,"Kukuiʻula Harbor Beach","Kauai","Kauai",NA,0,0,0,0,0,1,1,1,1,0,0,0,1,1,1,1,0,NA,NA,196.276,31.01273128,8.462926973,0,0,67,0,0,1,1
"139",133,"Larsens Beach","Kauai","Kauai","Beach",0,0,0,0,0,0,0,1,1,0,1,0,0,0,0,0,0,"Standard",NA,1718.324,23.1402303,8.056281758,0,0,70,1,0,0,1
"140",134,"Lawai Beach","Kauai","Kauai","Beach",0,0,0,0,0,0,0,1,1,1,1,0,1,0,0,0,0,"Standard",NA,250.8489395,16.13571693,5.289906051,0,0,67,0,1,0,1
"141",135,"Lumahai Beach","Kauai","Kauai","Beach",0,0,0,0,0,0,0,1,1,1,0,0,0,0,0,0,0,"Standard","NMS9",1634.775,12.58054547,0.035860047,0,0,70,1,0,0,1
"142",136,"Lydgate Beach Park","Kauai","Kauai","Park",0,0,1,0,1,0,0,1,1,0,1,1,1,1,1,1,0,"Standard",NA,4923.361,14.90237052,4.478152421,0,0,70,1,0,0,1
"143",137,"Milolii Beach","Kauai","Kauai","Beach",0,0,0,0,0,0,0,1,0,0,1,0,0,1,1,1,1,"Standard",NA,892.75,18.45222204,19.22469136,0,0,71,1,0,0,1
"144",138,"Ninini Beach","Kauai","Kauai","Beach",0,0,0,0,0,0,0,1,1,0,1,0,0,0,0,1,0,"Standard",NA,167.625,0,3.576215774,0,0,70,0,0,1,1
"145",139,"Niumalu Beach Park","Kauai","Kauai","Park",0,0,1,0,1,0,0,0,1,0,0,0,0,1,1,0,0,"Rock",NA,170.354,0,0.007133471,0,0,70,0,0,1,1
"146",140,"N_wiliwili Park","Kauai","Kauai","",0,1,0,0,1,0,0,0,1,0,0,0,1,0,0,0,0,"","",251.957,0,2.994962553,0,0,70,0,1,0,1
"147",141,"Nu'alolo Kai State Park","Kauai","Kauai",NA,0,0,0,0,1,0,0,0,1,0,1,0,0,0,1,0,1,NA,NA,410.301,18.59542557,9.674563804,0,0,71,0,1,0,1
"148",142,"Nukolii Beach Park","Kauai","Kauai","Park",0,0,0,0,1,0,0,1,1,0,0,0,1,1,1,0,0,"Standard",NA,4923.361,15.97876823,4.053604576,0,0,70,1,0,0,1
"149",143,"Pali Ke Kua Beach","Kauai","Kauai","Beach",0,0,0,0,0,0,0,1,0,0,1,0,1,0,0,0,0,"Standard","NMS9",526.127,12.4581603,16.89037645,0,0,70,1,0,0,1
"150",144,"Papaa Bay Beach","Kauai","Kauai","Bay",0,0,0,0,0,0,0,1,1,0,1,0,0,0,0,1,0,"Standard","NMS9",391.176,36.01180191,12.94470981,0,0,70,0,1,0,1
"151",145,"Pakala Beach","Kauai","Kauai",NA,0,0,0,0,0,0,0,1,1,1,0,0,0,0,0,1,0,NA,NA,2003.501,1.606441314,0,0,0,67,1,0,0,1
"152",146,"Palama Beach","Kauai","Kauai",NA,0,0,0,0,0,0,0,1,0,0,1,0,0,0,0,1,0,NA,NA,474.882,9.967447637,0.176558865,0,0,67,0,1,0,1
"153",147,"Poipu Beach Park","Kauai","Kauai","Park",0,0,1,0,1,0,0,1,1,1,1,1,1,1,1,1,0,"Standard",NA,401.0201976,19.84148048,6.781924332,0,0,67,0,1,0,1
"154",148,"Polihale State Beach Park","Kauai","Kauai","Park",0,0,0,0,1,0,0,1,0,0,0,0,0,1,1,0,0,"Standard",NA,20518.938,12.05045311,0.00513631,0,0,71,1,0,0,1
"155",149,"Puu Poa Beach","Kauai","Kauai","Beach",0,0,0,0,0,0,0,1,1,1,1,0,0,0,0,1,0,"Standard","NMS9",549.224,15.57212686,11.6862887,0,0,70,1,0,0,1
"156",150,"Queens Bath","Kauai","Kauai","Tide pool",0,0,0,0,0,0,0,0,1,0,0,0,1,0,0,0,0,"Rock","NMS9",307.858,52.17411875,9.9392188,0,0,70,0,1,0,1
"157",151,"Salt Pond Beach Park","Kauai","Kauai","Park",0,0,0,0,1,0,0,1,1,1,1,1,1,1,1,1,0,"Standard",NA,1358.435,14.92527472,0,0,0,67,1,0,0,1
"158",152,"Sea Lodge Beach","Kauai","Kauai","Beach",0,0,0,0,0,0,0,1,1,0,1,0,0,0,0,0,0,"Standard","NMS9",176.143,20.49362084,12.47412712,0,0,70,0,0,1,1
"159",153,"Shipwreck Beach","Kauai","Kauai","Beach",0,0,0,0,0,0,0,1,1,1,0,0,1,1,1,0,0,"Standard",NA,613.705,17.55774223,0,0,0,67,1,0,0,1
"160",154,"Spouting Horn Park","Kauai","Kauai","Park",0,0,0,0,1,0,0,0,1,0,0,0,1,0,1,0,0,"Rock",NA,99.834,37.67384505,6.0427773,0,0,67,0,0,1,1
"161",155,"Tunnels Beach","Kauai","Kauai","Beach",0,0,0,0,0,0,0,1,0,1,1,1,0,0,0,1,0,"Standard","NMS9",5725.725,19.52240073,7.779513762,0,0,70,1,0,0,1
"162",156,"Wahi-awa Beach","Kauai","Kauai",NA,0,0,0,0,0,0,0,1,0,0,0,0,0,0,0,1,0,NA,NA,229.426,18.22358117,9.822141561,0,0,67,0,1,0,1
"163",157,"Waiakalua Beach","Kauai","Kauai","Beach",0,0,0,0,0,0,0,1,1,0,0,0,0,0,0,0,0,"Standard",NA,606.791,16.30879609,6.805116629,0,0,70,1,0,0,1
"164",158,"Waikoko Beach","Kauai","Kauai","Beach",0,0,0,0,0,0,0,1,0,1,1,0,0,0,0,0,0,"Standard","NMS9",3997.265,4.264574686,12.52334131,0,0,70,1,0,0,1
"165",159,"Wailua Beach Park","Kauai","Kauai","Park",0,0,0,0,1,0,0,1,0,1,0,0,0,0,0,0,0,"Standard",NA,859.277,12.56638233,0.072347949,0,0,70,1,0,0,1
"166",160,"Waimea Landing State Recreation Pier","Kauai","Kauai","Park",0,0,0,0,1,0,1,1,0,0,0,0,1,1,1,0,0,NA,NA,2752.844,0,0,0,0,70,1,0,0,1
"167",161,"Wainiha Bay Park","Kauai","Kauai","Park",0,0,0,0,1,0,0,1,0,1,0,0,0,0,0,0,0,"Standard","NMS9",5725.725,18.03455294,13.81873467,0,0,70,1,0,0,1
"168",162,"Wainiha Beach Park","Kauai","Kauai",NA,0,0,0,0,1,0,0,1,0,1,0,0,0,0,0,0,0,NA,NA,620.233,11.20872657,2.998243325,0,0,70,1,0,0,1
"169",163,"Waipouli Beach","Kauai","Kauai","Beach",0,0,0,0,0,0,0,1,1,0,0,0,1,0,1,0,0,"Standard",NA,1424.812,11.86435902,7.883172221,0,0,70,1,0,0,1
"170",164,"Aiea Bay State Recreational Area","Honolulu","Oahu","Park",0,0,0,0,1,0,0,0,1,0,0,0,1,0,1,0,0,"Rock",NA,610.8186299,0,0,0,0,64,1,0,0,1
"171",165,"Aki's Beach","Honolulu","Oahu",NA,0,0,0,0,0,0,0,1,0,0,1,0,0,0,0,1,0,NA,NA,51,8.091552405,9.448053393,0,0,63,0,0,1,1
"172",166,"Ala Moana Regional Park","Honolulu","Oahu","Park",0,1,0,0,1,0,1,1,0,1,1,1,1,1,1,1,0,"Standard",NA,1310.657,11.25864794,0.260165218,0,0,64,1,0,0,1
"173",167,"Ala Wai Boat Harbor","Honolulu","Oahu",NA,0,0,0,0,0,1,1,0,0,0,0,0,1,0,1,0,0,NA,NA,0,7.467957097,2.275199619,0,0,64,0,0,1,1
"174",168,"Aweoweo Beach Park","Honolulu","Oahu","Park",0,0,1,0,1,0,0,1,0,0,1,0,1,1,1,1,0,"Standard",NA,5610.069,4.331483376,0,0,0,58,1,0,0,1
"175",169,"Banzai Beach","Honolulu","Oahu","Beach",0,0,0,0,0,0,0,1,0,1,0,1,1,1,1,1,0,"Standard","NMS9",6150.29,4.958449643,20.62527385,0,0,58,1,0,0,1
"176",170,"Barbers Point Beach Park","Honolulu","Oahu","Park",0,0,0,0,1,0,0,1,1,0,0,0,1,1,1,0,0,"Standard",NA,350.3932411,5.017249521,0,0,0,64,0,1,0,1
"177",171,"Bellows Field Beach Park","Honolulu","Oahu","Park",0,0,0,0,1,0,0,1,0,1,0,1,1,1,1,1,0,"Standard",NA,5656.988,4.554717043,0.601635946,0,0,54,1,0,0,1
"178",172,"Black Rocks Beach Park","Honolulu","Oahu",NA,0,0,0,0,1,0,0,0,1,0,1,0,1,1,1,0,0,NA,NA,2460.305783,8.316918824,11.1892883,0,0,63,1,0,0,1
"179",173,"Castles Beach","Honolulu","Oahu","Beach",0,0,0,0,0,0,0,1,0,1,0,0,0,1,1,0,0,"Standard",NA,4229.769,0,0.492621274,0,0,55,1,0,0,1
"180",174,"Chun's Reef","Honolulu","Oahu",NA,0,0,0,0,0,0,0,1,0,1,1,1,0,0,0,1,0,NA,NA,1289.057,6.066223751,8.674674993,0,0,58,1,0,0,1
"181",175,"Clissolds Beach","Honolulu","Oahu","Beach",0,0,0,0,0,0,0,1,0,1,1,0,0,0,0,1,0,"Standard","NMS9",1080.811,7.981138528,2.246668919,0,0,55,1,0,0,1
"182",176,"Cromwells Beach","Honolulu","Oahu","Beach",0,0,0,0,0,0,0,1,0,1,1,0,0,0,0,1,0,"Standard","NMS9",1552.438,7.725781758,7.373735322,0,0,64,1,0,0,1
"183",177,"Depot Beach Park","Honolulu","Oahu",NA,0,0,0,0,1,0,0,1,0,1,1,1,1,1,1,1,0,NA,NA,1617.526,10.22165288,1.349012432,0,0,63,1,0,0,1
"184",178,"Diamond Head Beach Park","Honolulu","Oahu","Park",0,0,0,0,1,0,0,1,0,1,1,0,1,1,1,1,0,"Standard","NMS9",1552.438,3.650334691,1.785345835,0,0,64,1,0,0,1
"185",179,"Ehukai Beach Park","Honolulu","Oahu","Park",0,0,0,0,1,0,0,1,0,1,0,1,1,1,1,0,0,"Standard","NMS9",6150.29,4.013845772,6.371043606,0,0,58,1,0,0,1
"186",180,"Fort DeRussy Beach Park","Honolulu","Oahu","Park",0,0,0,0,1,0,0,1,0,1,0,0,1,1,1,1,0,"Standard",NA,1042.239,3.308754159,0.153855343,0,0,64,1,0,0,1
"187",181,"Fort Hase Beach","Honolulu","Oahu","Beach",0,0,0,0,0,0,0,1,0,0,1,0,1,0,0,1,0,"Standard",NA,1561.474,0,5.801060785,0,0,55,1,0,0,1
"188",182,"Fort Kamehameha Beach","Honolulu","Oahu","Beach",0,0,0,0,0,0,0,1,0,0,0,0,1,0,0,0,0,"Standard",NA,838.227,0.052479446,0.066199873,0,0,64,1,0,0,1
"189",183,"Haleiwa Alii Beach Park (West)","Honolulu","Oahu","Park",0,0,0,0,1,1,0,1,0,1,0,1,1,1,1,1,0,"Standard","HI65",315.424,7.221328047,0,0,0,58,0,1,0,1
"190",184,"Haleiwa Beach","Honolulu","Oahu","Beach",0,1,1,0,0,0,0,1,0,1,0,1,1,1,1,1,0,"Standard",NA,1092.347,6.93892825,0,0,0,58,1,0,0,1
"191",185,"Halona Beach Cove","Honolulu","Oahu","Beach",0,0,0,0,0,0,0,1,1,0,1,0,1,0,0,1,0,"Standard","NMS9",6532.48147,11.19438057,0,0,0,54,1,0,0,1
"192",186,"Hanakailio Beach","Honolulu","Oahu","Beach",0,0,0,0,0,0,0,1,0,1,1,0,0,0,0,1,0,"Standard","NMS9",1596.143,7.475542925,11.37299035,0,0,58,1,0,0,1
"193",187,"Hanauma Bay Nature Preserve","Honolulu","Oahu","Park",0,0,0,0,1,0,0,1,0,0,1,1,1,1,1,1,0,"Standard","HI2NA",584.541,26.61897703,30.6656221548716,0,0,54,1,0,0,1
"194",188,"Hauula Beach Park","Honolulu","Oahu","Park",0,0,0,0,1,0,0,1,0,1,1,0,1,1,1,0,0,"Standard","NMS9",2361.147,9.686974995,8.599662551,0,0,55,1,0,0,1
"195",189,"Hawaiian Electric Beach Park","Honolulu","Oahu","Park",0,0,0,0,1,0,0,1,0,1,1,0,1,1,1,1,0,"Standard",NA,1078.674,7.381939691,8.59216978,0,0,63,1,0,0,1
"196",190,"Heaoeia Kea Boat Harbor","Honolulu","Oahu",NA,0,0,0,0,0,1,1,0,0,0,1,0,0,0,1,0,0,NA,NA,804.7658088,0,1.696745521,0,0,55,1,0,0,1
"197",191,"Heeia State Park","Honolulu","Oahu",NA,0,0,0,0,1,0,0,0,0,0,0,0,1,1,1,0,0,NA,NA,804.7658088,0,2.166117518,0,0,55,1,0,0,1
"198",192,"Hickam Harbor Beach","Honolulu","Oahu","Beach",0,0,0,0,0,1,0,1,0,1,0,1,1,1,1,1,0,"Standard",NA,0,0,0,0,0,64,0,0,1,1
"199",193,"Hukilau Beach","Honolulu","Oahu","Beach",0,0,0,0,0,0,0,1,0,1,0,0,1,1,0,1,0,"Standard","NMS9",3660.261,5.442885696,5.258676403,0,0,58,1,0,0,1
"200",194,"Hunakai Beach","Honolulu","Oahu","Beach",0,0,0,0,0,0,0,1,0,0,0,0,0,0,0,1,0,"Standard","NMS9",1114.966,2.549772795,1.008888889,0,0,64,1,0,0,1
"201",195,"Iroquois Point Beach","Honolulu","Oahu","Beach",0,0,0,0,0,0,1,1,0,0,0,0,1,1,1,1,0,"Standard",NA,5365.504,1.387576837,1.019556303,0,0,64,1,0,0,1
"202",196,"Kaaawa Beach Park","Honolulu","Oahu","Park",0,0,0,0,1,0,0,1,0,0,1,0,1,1,1,0,0,"Standard",NA,3291.187,5.407316128,1.49057582,0,0,55,1,0,0,1
"203",197,"Kaalawai Beach","Honolulu","Oahu","Beach",0,0,0,0,0,0,0,1,0,1,0,0,0,0,0,0,0,"Standard","NMS9",44.66629745,6.006891701,5.463197785,0,0,64,0,0,1,1
"204",198,"Kahala Beach","Honolulu","Oahu","Beach",0,0,0,0,0,0,0,1,0,0,1,0,0,1,1,1,0,"Standard","NMS9",333.078,3.74385735,2.78376198,0,0,64,0,1,0,1
"205",199,"Kahaluu Regional Park","Honolulu","Oahu","Park",0,0,0,0,1,0,0,0,1,0,0,0,1,0,0,1,0,"Rock",NA,1296.200257,1.428387868,0,0,0,55,1,0,0,1
"206",200,"Kahana Bay Beach Park","Honolulu","Oahu","Park",0,0,0,0,1,0,0,1,0,0,1,0,1,1,1,1,0,"Standard","NMS9",887.562,1.300167946,0.048934834,0,0,55,1,0,0,1
"207",201,"Kahanamoku Beach","Honolulu","Oahu","Beach",0,0,0,0,0,0,1,1,0,1,0,0,1,1,1,1,0,"Standard",NA,1042.239,6.16641867,0.357659435,0,0,64,1,0,0,1
"208",202,"Kahe Point Beach Park","Honolulu","Oahu","Park",0,0,0,0,1,0,0,0,1,0,1,1,1,1,1,0,0,"Rock",NA,527.6128721,6.528415085,6.028315946,0,0,63,1,0,0,1
"209",203,"Kahuku Beach","Honolulu","Oahu","Beach",0,0,0,0,0,0,0,1,0,1,0,0,0,0,0,0,0,"Standard","NMS9",1717.634,6.006094188,7.044157831,0,0,58,1,0,0,1
"210",204,"Kaiaka Bay Beach","Honolulu","Oahu","Beach",0,0,0,0,0,0,0,0,1,1,0,0,1,1,1,0,0,"Rock",NA,910.2363576,3.034210465,0,0,0,58,1,0,0,1
"211",205,"Kaiaka Bay Beach Park","Honolulu","Oahu","Park",0,0,0,0,1,0,0,0,1,0,0,0,1,1,1,0,0,"Rock",NA,910.2363576,6.209521432,0,0,0,58,1,0,0,1
"212",206,"Kailua Beach Park","Honolulu","Oahu","Park",0,0,0,0,1,0,0,1,0,1,1,1,1,1,1,1,0,"Standard",NA,4229.769,0,0.089143974,0,0,55,1,0,0,1
"213",207,"Kaimana Beach","Honolulu","Oahu","Beach",0,0,0,0,0,0,0,1,0,1,1,1,0,1,1,1,0,"Standard","HI1",174.477,4.551027979,1.437610265,0,0,64,0,0,1,1
"214",208,"Kaiona Beach Park","Honolulu","Oahu","Park",0,0,0,0,1,0,0,1,0,0,1,0,1,1,1,1,0,"Standard",NA,5656.988,3.687478107,2.773270914,0,0,54,1,0,0,1
"215",209,"Kaipapau Beach","Honolulu","Oahu","Beach",0,0,0,0,0,0,0,1,0,0,1,0,1,1,1,1,0,"Standard","NMS9",1748.915,9.798536555,4.69921357,0,0,55,1,0,0,1
"216",210,"Kaiwi Channel viewpoint","Honolulu","Oahu",NA,0,0,0,0,0,0,0,0,1,0,0,0,1,0,0,0,1,NA,NA,2893.582811,12.18217782,0,0,0,54,1,0,0,1
"217",211,"Kakaako Waterfront Park","Honolulu","Oahu","Park",0,0,0,0,1,0,0,0,1,1,0,0,1,1,1,0,0,"Rock",NA,468.4969222,3.715356481,2.270415559,0,0,64,0,1,0,1
"218",212,"Kalaeloa Beach Park","Honolulu","Oahu","Park",0,0,0,0,1,0,0,1,1,1,0,0,1,1,1,1,0,"Standard",NA,3908.532,2.811523463,0.03826512,0,0,64,1,0,0,1
"219",213,"Kalaeoio Beach Park","Honolulu","Oahu","Park",0,0,0,0,1,0,0,1,0,1,1,0,1,0,0,1,0,"Standard",NA,3291.187,5.613822997,2.338752854,0,0,55,1,0,0,1
"220",214,"Kalama Beach Park","Honolulu","Oahu","Park",0,0,0,0,1,0,0,1,0,1,0,0,1,1,1,1,0,"Standard",NA,4229.769,0,0.006464843,0,0,55,1,0,0,1
"221",215,"Kaloko Beach","Honolulu","Oahu","Beach",0,0,0,0,0,0,0,1,1,0,0,0,0,0,0,0,0,"Standard","NMS9",920.461,6.508092369,0,0,0,54,1,0,0,1
"222",216,"Kaluahole Beach","Honolulu","Oahu","Beach",0,0,0,0,0,0,0,1,1,0,0,0,0,0,1,0,0,"Standard",NA,88.452,4.224449463,1.429842902,0,0,64,0,0,1,1
"223",217,"Kaluanui Beach","Honolulu","Oahu","Beach",0,0,0,0,0,0,0,1,1,0,1,0,0,0,0,1,0,"Standard","NMS9",2905.279,5.788606027,4.201103429,0,0,55,1,0,0,1
"224",218,"Kaneohe Beach Park","Honolulu","Oahu","Park",0,0,1,0,1,0,0,0,1,0,0,0,1,1,1,0,0,"Rock",NA,124.8735791,0,0.438554217,0,0,55,0,0,1,1
"225",219,"Kaneohe Sandbar","Honolulu","Oahu","Beach",0,0,0,0,0,0,1,1,0,0,1,0,0,0,0,1,0,"Standard",NA,0,4.111528528,0.006943373,0,0,55,0,0,1,1
"226",220,"Kapaeloa Beach","Honolulu","Oahu","Beach",0,0,0,0,0,0,0,1,1,1,0,0,0,0,0,0,0,"Standard","NMS9",433.326,5.324912163,25.01276211,0,0,58,0,1,0,1
"227",221,"Kapapapuhi Point Park","Honolulu","Oahu",NA,0,0,0,0,1,0,0,0,0,0,0,0,1,0,1,0,0,NA,NA,1998.335227,0,0,0,0,64,1,0,0,1
"228",222,"Kapiolani Park Beach","Honolulu","Oahu","Park",0,0,0,0,1,0,0,1,0,1,1,1,0,1,1,1,0,"Standard","HI12",473.394,2.20685499,0.534305222,0,0,64,0,1,0,1
"229",223,"Kaunala Beach","Honolulu","Oahu","Beach",0,0,0,0,0,0,0,1,0,1,0,0,0,0,0,1,0,"Standard","NMS9",6150.29,10.66646625,18.58525746,0,0,58,1,0,0,1
"230",224,"Kaupo Beach Park","Honolulu","Oahu","Park",0,0,0,0,1,0,0,1,1,0,1,0,1,1,1,0,0,"Standard",NA,159.543,5.521917907,0,0,0,54,0,0,1,1
"231",225,"Kawaikui Beach Park","Honolulu","Oahu","Park",0,0,0,0,1,0,0,1,0,1,0,0,1,1,1,0,0,"Standard","NMS9",319.308,0.591259443,12.43658358,0,0,64,0,1,0,1
"232",226,"Kawailoa Beach","Honolulu","Oahu","Beach",0,0,0,0,0,0,0,1,1,1,0,1,0,0,0,0,0,"Standard","NMS9",1644.881,3.044020658,0,0,0,58,1,0,0,1
"233",227,"Kawela Bay Beach Park","Honolulu","Oahu","Park",0,0,0,0,1,0,0,1,0,1,0,0,0,0,0,1,0,"Standard","NMS9",855.285,5.704989583,7.228986966,0,0,58,1,0,0,1
"234",228,"Keaau Beach Park","Honolulu","Oahu","Park",0,0,0,0,1,0,0,1,1,1,0,0,1,1,1,0,0,"Standard",NA,2574.112268,4.675262598,12.49110534,0,0,63,1,0,0,1
"235",229,"Kealia Beach","Honolulu","Oahu","Beach",0,0,0,0,0,0,0,1,0,1,0,0,0,0,0,1,0,"Standard",NA,6515.295,9.949223041,12.38597868,0,0,58,1,0,0,1
"236",230,"Keawaula Beach","Honolulu","Oahu","Park",0,0,0,0,1,0,0,1,0,1,0,1,1,0,0,0,0,"Standard",NA,1237.113,5.297080087,6.588228479,0,0,63,1,0,0,1
"237",231,"Keehi Lagoon Beach Park","Honolulu","Oahu","Park",0,0,0,0,1,0,1,1,0,0,0,0,1,1,1,0,0,"Standard",NA,957.3163921,0,0,0,0,64,1,0,0,1
"238",232,"Kewalo Basin Park","Honolulu","Oahu","Park",0,0,0,0,1,0,0,0,1,1,0,0,1,1,1,0,0,"Rock",NA,408.0676519,6.112775468,1.775468497,0,0,64,0,1,0,1
"239",233,"Ko Olina Beach Park","Honolulu","Oahu","Park",0,0,0,0,1,0,1,1,0,0,1,0,1,1,1,1,0,"Standard",NA,508.4272389,2.266273794,8.211531262,0,0,63,1,0,0,1
"240",234,"Kokee Beach Park","Honolulu","Oahu","Park",0,0,0,0,1,0,0,0,1,1,0,0,0,0,0,0,0,"Rock","NMS9",121.1155488,7.475982896,0,0,0,64,0,0,1,1
"241",235,"Koko Kai Beach Mini Park","Honolulu","Oahu","Beach",0,0,0,0,1,0,0,0,1,1,1,0,0,0,0,1,0,"Rock","NMS9",100.9561232,12.48755487,0,0,0,64,0,0,1,1
"242",236,"Kokololio Beach Park","Honolulu","Oahu","Park",0,0,0,0,1,0,0,1,0,1,0,0,1,1,1,1,0,"Standard","NMS9",1748.915,12.08245576,4.195697523,0,0,55,1,0,0,1
"243",237,"Kualoa Regional Park","Honolulu","Oahu","Park",0,0,0,0,1,0,0,1,1,0,1,1,1,1,1,1,0,"Standard",NA,2523.539,0.926173565,9.415647922,0,0,55,1,0,0,1
"244",238,"Kuhio Beach Park","Honolulu","Oahu","Park",0,0,0,0,1,0,0,1,0,1,1,1,0,1,1,1,0,"Standard",NA,462.901,3.432945581,0.536838927,0,0,64,0,1,0,1
"245",239,"Kuilei Cliffs Beach Park","Honolulu","Oahu","Park",0,0,0,0,1,0,0,1,0,1,1,0,1,1,0,0,0,"Standard","NMS9",1552.438,3.326060918,1.842159251,0,0,64,1,0,0,1
"246",240,"Kuliouou Beach Park","Honolulu","Oahu","Park",0,0,0,0,1,0,0,1,0,0,0,0,1,1,1,0,0,"Standard","HI1NA",283.067,0,0,0,0,64,0,1,0,1
"247",241,"Laenani Neighborhood Park","Honolulu","Oahu","Park",0,0,0,0,1,0,0,0,1,0,0,0,1,1,1,0,0,"Rock",NA,125.0958925,2.229108878,0.54466014,0,0,55,0,0,1,1
"248",242,"Laie Beach Park","Honolulu","Oahu","Park",0,0,0,0,1,0,0,1,0,1,0,0,1,1,0,1,0,"Standard","NMS9",703.053,7.338577058,1.028995913,0,0,55,1,0,0,1
"249",243,"Laie Point State Wayside","Honolulu","Oahu","Beach",0,0,0,0,0,0,0,0,1,0,0,0,0,0,0,0,0,"Rock","NMS9",185.390807,17.45872051,7.001313082,0,0,58,0,0,1,1
"250",244,"Laniakea Beach","Honolulu","Oahu","Beach",0,0,0,0,0,0,0,1,1,1,1,0,1,0,0,1,0,"Standard","NMS9",1330.79,6.974833313,7.741527858,0,0,58,1,0,0,1
"251",245,"Lanikai Beach","Honolulu","Oahu","Beach",0,0,0,0,0,0,0,1,0,0,0,0,0,0,0,1,0,"Standard",NA,2190.399,0,7.246600268,0,0,54,1,0,0,1
"252",246,"Lanikuhonua Lagoon","Honolulu","Oahu","Beach",0,0,0,0,0,0,1,1,1,0,1,0,1,1,1,1,0,"Standard",NA,241.485,7.233452994,30.55745223,0,0,63,0,1,0,1
"253",247,"Laniloa Beach","Honolulu","Oahu","Beach",0,0,0,0,0,0,0,1,0,0,0,0,0,0,0,1,0,"Standard",NA,1080.811,8.364376485,2.271611929,0,0,55,1,0,0,1
"254",248,"Laukinui Beach","Honolulu","Oahu","Beach",0,0,0,0,0,0,0,1,0,1,0,0,0,0,0,0,0,"Standard",NA,1086.902,5.68840458,7.955789919,0,0,63,1,0,0,1
"255",249,"Leahi Beach Park","Honolulu","Oahu","Park",0,0,0,0,1,0,0,0,1,1,0,0,0,0,0,0,0,"Rock","HI1",454.303,3.885743304,1.872186984,0,0,64,0,1,0,1
"256",250,"Leftovers Surf Break","Honolulu","Oahu","Beach",0,0,0,0,0,0,0,1,1,1,0,0,1,0,0,0,0,"Standard","NMS9",1289.057,4.842472177,23.06398815,0,0,58,1,0,0,1
"257",251,"Lualualei Beach Park","Honolulu","Oahu","Park",0,0,0,0,1,0,0,1,1,1,0,0,1,1,1,0,0,"Standard",NA,1543.110138,3.045327538,1.595511876,0,0,63,1,0,0,1
"258",252,"Maeaea","Honolulu","Oahu","Beach",0,0,0,0,0,0,0,1,1,1,1,0,1,1,1,0,0,"Standard",NA,830.3783386,5.473597265,0,0,0,58,1,0,0,1
"259",253,"Maili Beach Park","Honolulu","Oahu","Park",0,0,0,0,1,0,0,1,0,1,1,1,1,1,1,1,0,"Standard",NA,2216.097,4.656874675,7.752904398,0,0,63,1,0,0,1
"260",254,"Maili Point Beach Park","Honolulu","Oahu",NA,0,0,0,0,1,0,0,1,1,1,0,0,1,1,1,1,0,NA,NA,694.194,3.898598387,7.300802581,0,0,63,1,0,0,1
"261",255,"Mailiili Beach","Honolulu","Oahu","Beach",0,0,0,0,0,0,0,0,1,1,0,1,1,1,1,0,0,"Rock",NA,1543.110138,6.138585128,13.42252582,0,0,63,1,0,0,1
"262",256,"Makaha Beach Park","Honolulu","Oahu","Park",0,0,0,0,1,0,0,1,0,1,1,1,1,1,1,1,0,"Standard",NA,1086.902,5.647533316,5.648579266,0,0,63,1,0,0,1
"263",257,"Makaleha Beach Park","Honolulu","Oahu","Park",0,0,0,0,1,0,0,1,0,1,1,0,0,0,0,1,0,"Standard",NA,5610.069,12.80624803,0,0,0,58,1,0,0,1
"264",258,"Makalei Beach Park","Honolulu","Oahu","Park",0,0,0,0,1,0,0,1,1,1,1,0,0,1,0,1,0,"Standard","HI1",108.435,4.320782528,1.411409491,0,0,64,0,0,1,1
"265",259,"Makao Beach","Honolulu","Oahu","Beach",0,0,0,0,0,0,0,1,0,0,1,0,0,0,0,0,0,"Standard","NMS9",2361.147,7.309493631,2.987743773,0,0,55,1,0,0,1
"266",260,"Makao Beach","Honolulu","Oahu","Beach",0,0,0,0,0,0,0,1,0,0,1,0,0,0,0,0,0,"Standard","NMS9",2361.147,7.309493631,2.987743773,0,0,55,1,0,0,1
"267",261,"Makapuu Beach Park","Honolulu","Oahu","Park",0,0,0,0,1,0,0,1,1,1,0,1,1,1,1,0,0,"Standard",NA,326.338,7.666430296,0,0,0,54,0,1,0,1
"268",262,"Makua Beach","Honolulu","Oahu","Beach",0,0,0,0,0,0,0,1,0,1,0,0,0,0,0,1,0,"Standard",NA,1320.111,2.502622889,2.101472868,0,0,63,1,0,0,1
"269",263,"Malaekahana Beach","Honolulu","Oahu","Beach",0,0,0,0,0,0,0,1,0,1,0,0,1,1,1,0,0,"Standard","NMS9",3660.261,7.672074556,4.461345977,0,0,58,1,0,0,1
"270",264,"Mauna Lahilahi Beach Park","Honolulu","Oahu","Park",0,0,0,0,1,0,0,1,1,1,0,0,0,1,1,1,0,"Standard",NA,830.142,5.42004922,9.58648246,0,0,63,1,0,0,1
"271",265,"Maunalua Bay Beach Park","Honolulu","Oahu","Park",0,0,0,0,1,0,0,1,0,0,0,0,1,0,1,1,0,"Standard","NMS9",572.1823478,0.947652205,0,0,0,64,1,0,0,1
"272",266,"Mokuauia Beach","Honolulu","Oahu","Beach",0,0,0,0,0,0,0,1,0,1,0,0,0,0,0,1,0,"Standard","NMS9",189.055,7.27252024,4.493891227,0,0,58,0,0,1,1
"273",267,"Mokuleia Army Beach","Honolulu","Oahu","Beach",0,0,0,0,0,0,0,1,1,0,1,0,0,0,0,1,0,"Standard",NA,6515.295,6.136041859,8.077923185,0,0,58,1,0,0,1
"274",268,"Mokuleia Beach Park","Honolulu","Oahu","Park",0,0,0,0,1,0,0,1,1,1,1,0,1,1,1,0,0,"Standard",NA,6515.295,10.82070973,14.29184013,0,0,58,1,0,0,1
"275",269,"Nanakuli Beach Park","Honolulu","Oahu","Park",0,0,0,0,1,0,0,1,0,1,1,1,1,1,1,1,0,"Standard",NA,435.002,6.674918395,3.274061383,0,0,63,0,1,0,1
"276",270,"Neil S Blaisdell Park","Honolulu","Oahu","Park",0,0,0,0,1,0,0,0,1,0,0,0,1,0,1,0,0,"Rock",NA,942.404564,0,0,0,0,64,1,0,0,1
"277",271,"Nimitz Beach","Honolulu","Oahu","Beach",0,0,0,0,0,0,0,1,0,1,1,0,1,1,1,1,0,"Standard",NA,3908.532,1.71661892,0.007878337,0,0,64,1,0,0,1
"278",272,"Niu Beach","Honolulu","Oahu","Beach",0,0,0,0,0,0,0,1,0,1,0,0,0,0,0,1,0,"Standard","NMS9",666.348,1.316298809,0.037308524,0,0,64,1,0,0,1
"279",273,"North Beach","Honolulu","Oahu","Beach",0,0,1,0,0,0,0,1,1,1,1,1,0,1,0,1,0,"Standard",NA,2857.362,4.637175529,4.008111888,0,0,55,1,0,0,1
"280",274,"Ohikilolo","Honolulu","Oahu","Beach",0,0,0,0,0,0,0,1,1,0,0,0,0,0,0,0,0,"Standard",NA,341.565,7.233026601,11.62131743,0,0,63,0,1,0,1
"281",275,"Oneula Beach Park","Honolulu","Oahu","Park",0,0,0,0,1,0,0,1,1,1,0,0,1,1,0,0,0,"Standard",NA,1000.789,1.955828052,0.028887384,0,0,64,1,0,0,1
"282",276,"Pahipahialua Beach","Honolulu","Oahu","Beach",0,0,0,0,0,0,0,1,1,0,0,0,0,0,0,1,0,"Standard","NMS9",1106.19,12.62566389,9.732465783,0,0,58,1,0,0,1
"283",277,"Paiko Beach","Honolulu","Oahu","Beach",0,0,0,0,0,0,0,1,0,1,0,0,0,0,0,0,0,"Standard","NMS9",1075.678,0.241714999,1.950175439,0,0,64,1,0,0,1
"284",278,"Papailoa Beach","Honolulu","Oahu","Beach",0,0,0,0,0,0,0,1,1,1,0,0,0,0,0,0,0,"Standard","NMS9",1644.881,6.188991197,0,0,0,58,1,0,0,1
"285",279,"Papaoneone","Honolulu","Oahu","Beach",0,0,0,0,0,0,0,1,0,1,1,0,0,0,0,1,0,"Standard",NA,558.033,7.921720694,7.420970715,0,0,63,1,0,0,1
"286",280,"Paradise Cove Public Beach","Honolulu","Oahu","Beach",0,0,0,0,0,0,0,1,1,0,1,0,1,0,1,1,0,"Standard",NA,1246.182206,7.031565859,30.74729745,0,0,63,1,0,0,1
"287",281,"Point Panic Body Surfing Area","Honolulu","Oahu","Beach",0,0,0,0,0,0,0,0,1,1,0,0,1,1,1,0,0,"Rock",NA,468.4969222,4.206325949,2.71116643,0,0,64,0,1,0,1
"288",282,"Pokai Bay Beach Park","Honolulu","Oahu","Park",0,0,0,0,1,0,0,1,0,1,1,1,1,1,1,1,0,"Standard",NA,1013.971,8.61415747,1.716446376,0,0,63,1,0,0,1
"289",283,"Punaluu Beach Park","Honolulu","Oahu","Park",0,0,0,0,1,0,0,1,0,0,1,0,0,1,1,0,0,"Standard","NMS9",799.591,0.667067315,2.027561158,0,0,55,1,0,0,1
"290",284,"Punapalaha","Honolulu","Oahu","Beach",0,0,0,0,0,0,0,1,1,0,0,0,1,0,0,0,0,"Standard","NMS9",1812.986,8.718721351,6.625025964,0,0,58,1,0,0,1
"291",285,"Pupukea Beach Park","Honolulu","Oahu","Park",0,0,0,0,1,0,0,1,0,0,1,0,1,1,1,1,0,"Standard","HI12",4003.290835,28.27750534,18.76001734,0,0,58,1,0,0,1
"292",286,"Puuiki Beach Park","Honolulu","Oahu","Park",0,0,0,0,1,0,0,1,0,0,0,0,1,0,1,0,0,"Standard",NA,5610.069,2.183851423,0,0,0,58,1,0,0,1
"293",287,"Puuloa Beach Park","Honolulu","Oahu","Park",0,0,1,0,1,0,0,1,0,1,0,0,1,1,1,1,0,"Standard",NA,5365.504,1.465624588,0.670386781,0,0,64,1,0,0,1
"294",288,"Pyramid Rock Beach","Honolulu","Oahu","Beach",0,0,0,0,0,0,0,1,0,1,0,1,0,1,1,1,0,"Standard",NA,2857.362,14.26551865,2.147831516,0,0,55,1,0,0,1
"295",289,"Queens Beach","Honolulu","Oahu","Beach",0,0,0,0,0,0,0,1,0,1,1,1,1,1,1,1,0,"Standard",NA,473.394,2.961257883,0.549163722,0,0,64,0,1,0,1
"296",290,"Sand Island State Recreation Area Park","Honolulu","Oahu","Park",0,0,0,0,1,0,0,1,0,0,0,0,1,1,1,0,0,"Standard","HI63",857.714,5.74791041,1.857550641,0,0,64,1,0,0,1
"297",291,"Sandy Beach","Honolulu","Oahu","Beach",0,0,0,0,0,0,0,1,0,1,0,1,1,1,1,0,0,"Standard",NA,650.623,6.411657756,0,0,0,54,1,0,0,1
"298",292,"Sans Souci State Recreational Park","Honolulu","Oahu","Park",0,0,0,0,1,0,0,1,1,1,1,1,1,1,1,1,0,"Standard","NMS9",577.9030338,1.913538297,0.952752294,0,0,64,1,0,0,1
"299",293,"Sherwood Beach","Honolulu","Oahu","Beach",0,0,0,0,0,0,0,1,0,1,0,1,1,1,1,1,0,"Standard",NA,5656.988,4.252113618,0.051255897,0,0,54,1,0,0,1
"300",294,"Spitting Cave","Honolulu","Oahu","Cliff",0,0,0,0,0,0,0,0,1,0,0,0,0,0,0,0,0,"Rock","NMS9",3303.168756,15.52735542,0,0,0,64,1,0,0,1
"301",295,"Sunset Beach Park","Honolulu","Oahu","Park",0,0,0,0,1,0,0,1,0,1,1,1,1,1,1,1,0,"Standard","NMS9",6150.29,14.74765811,7.28000302,0,0,58,1,0,0,1
"302",296,"Surfer's Beach Park","Honolulu","Oahu","Park",0,0,0,0,1,0,0,1,1,1,0,0,1,1,1,0,0,"Standard",NA,694.194,3.580639645,8.245531915,0,0,63,1,0,0,1
"303",297,"Swanzy Beach Park","Honolulu","Oahu","Park",0,0,1,0,1,0,0,1,0,0,0,0,1,1,1,0,0,"Standard",NA,3291.187,1.150486254,3.175185874,0,0,55,1,0,0,1
"304",298,"Three Tables","Honolulu","Oahu","Beach",0,0,0,0,0,0,0,1,1,0,1,0,1,1,1,1,0,"Standard","HI12",154.532,21.25931293,23.90331016,0,0,58,0,0,1,1
"305",299,"Tonggs Beach","Honolulu","Oahu","Beach",0,0,0,0,0,0,0,0,1,1,0,0,0,0,0,0,0,"Rock","HI1",103.9975499,3.003254994,1.142158872,0,0,64,0,0,1,1
"306",300,"Tracks Beach Park","Honolulu","Oahu","Park",0,0,0,0,1,0,0,1,0,1,1,0,1,1,1,1,0,"Standard",NA,1078.674,6.226678335,9.609372859,0,0,63,1,0,0,1
"307",301,"Turtle Beach","Honolulu","Oahu","Beach",0,0,0,0,0,0,0,1,1,1,1,0,1,1,1,0,0,"Standard","NMS9",1812.986,10.54166825,3.850125249,0,0,58,1,0,0,1
"308",302,"Ulehawa Beach Park","Honolulu","Oahu",NA,0,0,0,0,1,0,0,1,1,1,0,0,1,1,1,0,0,NA,NA,895.107,1.880682075,8.596511604,0,0,63,1,0,0,1
"309",303,"Uppers Beach Park","Honolulu","Oahu","Park",0,0,0,0,1,0,0,0,1,0,1,0,0,0,0,0,0,"Rock","NMS9",178.0168132,8.950939701,21.18038387,0,0,58,0,0,1,1
"310",304,"Waiahole Beach Park","Honolulu","Oahu","Park",0,0,0,0,1,0,0,0,1,0,0,0,0,0,0,0,0,"Rock",NA,1158.362789,0.431016146,0,0,0,55,1,0,0,1
"311",305,"Waialae Beach Park","Honolulu","Oahu","Park",0,0,0,0,1,0,0,1,0,1,0,0,1,1,1,0,0,"Rock","NMS9",1114.966,4.884309579,3.429812908,0,0,64,1,0,0,1
"312",306,"Waikiki Beach","Honolulu","Oahu","Beach",0,1,0,0,0,0,0,1,0,1,1,1,1,1,1,1,0,"Standard",NA,542.799,2.739279168,0.010467338,0,0,64,1,0,0,1
"313",307,"Wailea Point","Honolulu","Oahu","Beach",0,0,0,0,0,0,0,1,1,0,1,0,0,0,0,0,0,"Standard",NA,2190.399,0,1.998758745,0,0,54,1,0,0,1
"314",308,"Wailupe Beach Park","Honolulu","Oahu","Park",0,0,0,0,1,0,0,0,1,1,0,0,1,1,1,0,0,"Rock","NMS9",1231.596,9.162459542,1.71678859,0,0,64,1,0,0,1
"315",309,"Waimanalo Bay Beach Park","Honolulu","Oahu","Park",0,0,0,0,1,0,0,1,0,1,0,1,1,1,1,1,0,"Standard",NA,5656.988,4.389623013,0.006125965,0,0,54,1,0,0,1
"316",310,"Waimea Bay Beach Park","Honolulu","Oahu","Park",0,0,0,0,1,0,0,1,0,1,1,1,1,1,1,1,0,"Standard","HI12",615.609,4.329750237,1.667535854,0,0,58,1,0,0,1
"317",311,"Wawamalu Beach Park","Honolulu","Oahu","Park",0,0,0,0,1,0,0,1,1,1,0,0,1,1,1,0,0,"Standard","NMS9",368.299,10.4727709,0,0,0,54,0,1,0,1
"318",312,"White Plains Beach","Honolulu","Oahu","Beach",0,0,0,0,0,0,0,1,0,1,1,1,1,1,1,1,0,"Standard",NA,3908.532,0.470226751,0.089323902,0,0,64,1,0,0,1
"319",313,"H.A. Baldwin Beach Park","Maui","Maui","",0,0,0,0,1,0,0,1,0,1,1,1,1,1,1,1,0,"Standard","",327.076154,5.56708,25.192074,0,0,26,0,1,0,1
"320",314,"Hookipa Beach Park","Maui","Maui","",0,0,0,0,1,0,0,1,0,1,0,1,1,1,1,1,0,"Standard","",445,40.5618,17.178564,0,0,26,0,1,0,1
"321",315,"Kamaole 1 Beach Park","Maui","Maui","",0,0,0,0,1,0,0,1,0,0,1,1,1,1,1,1,0,"Standard","",627.409254,1.55766,6.215813,0,0,30,1,0,0,1
"322",316,"Kamaole 2 Beach Park","Maui","Maui","",0,0,0,0,1,0,0,1,0,0,1,1,1,1,1,1,0,"Standard","",403.7425,2.8364,10.264275,0,0,30,0,1,0,1
"323",317,"Kamaole 3 Beach Park","Maui","Maui","",0,0,0,0,1,0,0,1,0,0,1,1,1,1,1,1,1,"Standard","",301.776643,5.43214,13.919528,0,0,30,0,1,0,1
"324",318,"Wailea Beach Park","Maui","Maui","",0,0,0,0,1,0,0,1,0,0,1,0,1,1,1,1,1,"Standard","",388.298692,4.39845,5.597612,0,0,30,0,1,0,1
"325",319,"Kapalua Beach","Maui","Maui","",0,0,0,0,0,0,0,1,0,0,1,0,1,1,1,1,1,"Standard","",187.342447,13.6174,25.175021,0,0,29,0,0,1,1
"326",320,"Maalaea Beach","Maui","Maui","",0,0,0,0,0,0,0,1,0,1,1,0,0,0,0,1,0,"Standard","",806,5.19806,0,0,0,30,1,0,0,1
"327",321,"Sea Caves and Black Sand Beach","Maui","Maui","",0,0,0,0,0,0,0,1,0,0,0,0,1,0,0,0,0,"Black","",282.733682,31.2835,4.775974,0,0,29,0,1,0,1
"328",322,"Waianapanapa State Park","Maui","Maui","",0,0,0,0,1,0,0,1,0,0,0,0,1,1,1,1,1,"Black","",125.965005,78.3666,5.104962,0,0,24,0,0,1,1
"329",323,"Honolua Bay","Maui","Maui","",0,0,0,0,0,0,0,1,0,1,1,0,1,0,0,1,1,"Standard","",123.391176,35.1656,1.543879,0,0,29,0,0,1,1
"330",324,"Olowalu Beach","Maui","Maui","",0,0,0,0,0,0,0,1,0,0,1,0,0,0,0,0,0,"Standard","",888.170967,24.1059,12.03011,0,0,30,1,0,0,1
"331",325,"Hana Beach Park","Maui","Maui","",0,0,0,0,1,0,0,0,0,0,1,0,1,1,1,1,0,"Standard","",456.283206,60.5148,18.685205,0,0,22,0,1,0,1
"332",326,"DT Fleming Beach Park","Maui","Maui","",0,0,0,0,1,0,0,1,0,1,1,1,1,1,1,1,0,"Standard","",504,6.54645,2.688227,0,0,29,1,0,0,1
"333",327,"Honokowai Beach Park","Maui","Maui","",0,0,0,0,1,0,0,1,0,0,1,0,1,1,1,1,0,"Standard","",281.230889,5.62161,17.252929,0,0,29,0,1,0,1
"334",328,"Kahului Beach Park","Maui","Maui","",0,0,0,0,1,1,1,0,0,0,0,0,1,0,1,1,0,"999","",555,6.80991,0,0,0,26,1,0,0,1
"335",329,"Kanaha Beach Park","Maui","Maui","",0,0,0,0,1,0,0,1,0,0,0,0,1,1,1,1,0,"Standard","",1440.822225,6.80991,12.703864,0,0,26,1,0,0,1
"336",330,"Lower Paia Beach Park","Maui","Maui","",0,0,0,0,1,0,0,1,0,1,0,0,1,1,1,1,0,"Standard","",440.124553,10.541,12.841414,0,0,26,0,1,0,1
"337",331,"Papalaua Wayside Beach Park","Maui","Maui","",0,0,0,0,1,0,0,0,0,0,1,0,1,0,1,1,0,"Standard","",850.881818,10.1209,8.521747,0,0,30,1,0,0,1
"338",332,"Paukukalo Beach Park","Maui","Maui","",0,0,0,0,1,0,0,0,1,1,0,0,1,0,1,0,0,"Rock","",1068,12.2814,6.953737,0,0,26,1,0,0,1
"339",333,"Poolenalena Beach Park","Maui","Maui","",0,0,0,0,1,0,0,1,0,0,1,0,1,0,1,1,0,"Standard","",268.512001,6.79009,12.134312,0,0,30,0,1,0,1
"340",334,"Ukumehame Beach Park","Maui","Maui","",0,0,0,0,1,0,0,0,0,1,1,0,1,0,1,1,0,"Standard","",462,6.86989,2.214517,0,0,30,0,1,0,1
"341",335,"Wahikuli State Wayside Beach Park","Maui","Maui","",0,0,0,0,1,0,0,0,1,0,1,0,1,1,1,1,0,"Rock","",248.254535,3.85123,11.362715,0,0,29,0,1,0,1
"342",336,"Waiehu Beach Park","Maui","Maui","",0,0,0,0,1,0,0,1,0,1,1,0,1,1,1,0,0,"Standard","",537.706911,12.2814,14.983002,0,0,26,1,0,0,1
"343",337,"Waihee Beach Park","Maui","Maui","",0,0,0,0,1,0,0,1,0,1,1,0,1,1,1,1,0,"Standard","",815,9.69921,11.200006,0,0,26,1,0,0,1
"344",338,"Hanakaoo Beach Park","Maui","Maui","",0,0,0,0,1,0,0,1,0,1,1,1,1,1,1,1,0,"Standard","",174.446173,4.49352,20.585986,0,0,29,0,0,1,1
"345",339,"Kalama Beach Park","Maui","Maui","",0,0,0,0,1,0,0,1,0,1,1,0,1,1,1,1,0,"Standard","",276.586821,5.70375,0.92806,0,0,30,0,1,0,1
"346",340,"Kalepolepo Beach Park","Maui","Maui","",0,0,0,0,1,0,0,1,0,0,0,0,1,1,1,0,0,"Standard","",38.790529,4.37202,11.912895,0,0,30,0,0,1,1
"347",341,"Lahaina Beach","Maui","Maui","",0,0,0,0,0,0,0,1,0,1,1,0,1,0,0,1,0,"Standard","",745.979401,4.73961,11.694876,0,0,29,1,0,0,1
"348",342,"Puamana Beach Park","Maui","Maui","",0,0,0,0,1,0,0,1,0,1,0,0,1,0,1,1,0,"Standard","",311,4.03072,27.954141,0,0,29,0,1,0,1
"349",343,"Honokohau Bay","Maui","Maui","",0,0,0,0,0,0,0,0,1,1,0,0,0,0,0,0,0,"Rock","",488.074843,19.7998,1.365876,0,0,29,0,1,0,1
"350",344,"Honomanu Bay","Maui","Maui","",0,0,0,0,0,0,0,1,0,1,1,0,0,0,0,1,0,"Black","",229.533336,30,6.406891,0,0,24,0,1,0,1
"351",345,"Huakini Bay","Maui","Maui","",0,0,0,0,0,0,0,0,1,0,0,0,0,0,0,0,0,"Rock","",745,7.14577,1.726072,0,0,21,1,0,0,1
"352",346,"Kanapali Beach","Maui","Maui","",0,0,0,0,0,0,0,1,0,0,1,0,1,1,1,1,0,"Standard","",448.585292,5.92239,28.8419,0,0,29,0,1,0,1
"353",347,"Kahana Beach","Maui","Maui","",0,0,0,0,0,0,0,1,0,0,1,1,0,0,0,1,0,"Standard","",661.50513,5.66928,2.101491,0,0,29,1,0,0,1
"354",348,"Kaihalulu Beach","Maui","Maui","",0,0,0,0,0,0,0,0,0,0,1,0,0,0,0,1,0,"Red","",347.912932,81.2295,17.140975,0,0,22,0,1,0,1
"355",349,"Awalua Beach","Maui","Maui","",0,0,0,0,0,0,0,1,0,1,0,0,0,0,0,1,0,"Standard","",695,3.35271,28.161106,0,0,29,1,0,0,1
"356",350,"Changs Beach Park","Maui","Maui","",0,0,0,0,1,0,0,1,0,0,1,0,0,0,0,1,0,"Standard","",397.862054,3.06339,10.211465,0,0,30,0,1,0,1
"357",351,"Kanaio Beach","Maui","Maui","",0,0,0,0,0,0,0,0,1,0,0,0,0,0,0,0,0,"Rock","",320.325695,20.0771,11.969434,0,0,21,0,1,0,1
"358",352,"Keawakapu Beach","Maui","Maui","",0,0,0,0,0,0,0,1,0,0,1,0,1,1,1,1,0,"Standard","",1118,3.40666,5.201841,0,0,30,1,0,0,1
"359",353,"Keonenui Beach","Maui","Maui","",0,0,0,0,0,0,0,1,0,0,1,0,0,0,0,1,0,"Standard","",218.360984,12.5867,10.246723,0,0,29,0,1,0,1
"360",354,"Koki Beach Park","Maui","Maui","",0,0,0,0,1,0,0,1,0,1,0,0,1,0,1,1,0,"Red","",235.280748,26.7467,13.256075,0,0,22,0,1,0,1
"361",355,"Kuau Beach","Maui","Maui","",0,0,0,0,0,0,0,1,0,1,0,0,0,0,0,1,0,"Standard","",94.434958,43.4795,18.790302,0,0,26,0,0,1,1
"362",356,"Kuiaha Bay","Maui","Maui","",0,0,0,0,0,0,0,0,1,0,1,0,0,0,0,1,0,"Rock","",179.922943,73.9773,4.00801,0,0,26,0,0,1,1
"363",357,"La Perouse Bay","Maui","Maui","",0,0,0,0,0,0,0,0,1,1,1,0,0,0,0,1,1,"Rock","",63.105068,28.9701,6.246525,0,0,30,0,0,1,1
"364",358,"Charley Young Beach Park","Maui","Maui","",0,0,0,0,1,0,0,1,0,0,1,0,1,1,1,1,0,"Standard","",184.349452,1.26392,4.443258,0,0,30,0,0,1,1
"365",359,"Makena Landing Beach Park","Maui","Maui","",0,0,0,0,1,0,0,1,0,0,1,0,1,1,1,1,0,"Standard","",157.812059,6.51572,16.577787,0,0,30,0,0,1,1
"366",360,"Maliko Bay","Maui","Maui","",0,0,0,0,0,0,0,1,0,1,1,0,0,0,0,1,0,"Black","",103.827601,5,0.979491,0,0,26,0,0,1,1
"367",361,"Maluaka Beach Park","Maui","Maui","",0,0,0,0,0,0,0,1,0,0,1,0,0,0,0,1,0,"Standard","",403.233169,8.95006,12.595099,0,0,30,0,1,0,1
"368",362,"Mantokuji Bay","Maui","Maui","",0,0,0,0,0,0,0,1,0,0,0,0,0,0,0,0,0,"Standard","",385.088747,8.49222,14.574548,0,0,26,0,1,0,1
"369",363,"Mokapu Beach Park","Maui","Maui","",0,0,0,0,1,0,0,1,0,1,1,0,1,0,1,1,0,"Standard","",368.925724,9.18686,7.231583,0,0,30,0,1,0,1
"370",364,"Mokulau Beach","Maui","Maui","",0,0,0,0,0,0,0,1,0,0,0,0,0,0,0,0,0,"Standard","",500.311618,22.1109,6.791637,0,0,21,1,0,0,1
"371",365,"Mokuleia Beach","Maui","Maui","",0,0,0,0,0,0,0,1,0,1,0,0,0,0,0,0,0,"Standard","",271.227988,20.7746,4.533223,0,0,29,0,1,0,1
"372",366,"Napili Bay","Maui","Maui","",0,0,0,0,0,0,0,1,0,1,1,0,0,0,0,1,0,"Standard","",357.988982,7.83335,6.264851,0,0,29,0,1,0,1
"373",367,"Nuu Bay","Maui","Maui","",0,0,0,0,0,0,0,0,0,0,1,0,0,0,0,1,0,"Standard","",999.479448,10.2251,7.596887,0,0,21,1,0,0,1
"374",368,"Oneloa Bay","Maui","Maui","",0,0,0,0,0,0,0,1,0,1,1,0,0,0,0,1,0,"Standard","",381.936165,8.01358,4.728801,0,0,29,0,1,0,1
"375",369,"Oneuli Beach","Maui","Maui","",0,0,0,0,0,0,0,0,0,0,1,0,0,0,0,1,0,"Black","",527.862153,11.8395,26.695644,0,0,30,1,0,0,1
"376",370,"Palauea Beach","Maui","Maui","",0,0,0,0,0,0,0,1,0,0,1,0,1,0,0,1,0,"Standard","",267.876442,11.5724,8.346278,0,0,30,0,1,0,1
"377",371,"Polo Beach Park","Maui","Maui","",0,0,0,0,1,0,0,1,0,0,1,0,1,1,1,1,0,"Standard","",281.170985,7.81052,9.798215,0,0,30,0,1,0,1
"378",372,"Puunoa Beach","Maui","Maui","",0,0,0,0,0,0,0,1,0,1,1,0,1,0,0,0,0,"Standard","",612.403639,5.58519,13.02051,0,0,29,1,0,0,1
"379",373,"Hamoa Beach","Maui","Maui","",0,0,0,0,0,0,0,1,0,1,0,0,0,0,0,1,0,"Standard","",257.307598,52.6335,15.23032,0,0,22,0,1,0,1
"380",374,"Punalau Beach","Maui","Maui","",0,0,0,0,0,0,0,1,0,1,1,0,0,0,0,0,0,"Standard","",263.847264,26.0003,14.019412,0,0,29,0,1,0,1
"381",375,"Spreckelsville Beach","Maui","Maui","",0,0,0,0,0,0,0,1,0,1,1,0,0,0,0,1,0,"Standard","",391.068309,6.22191,23.259392,0,0,26,0,1,0,1
"382",376,"Ulua Beach Park","Maui","Maui","",0,0,0,0,1,0,0,1,0,0,1,0,1,0,1,1,0,"Standard","",229.222294,5.9698,6.869187,0,0,30,0,1,0,1
"383",377,"Ahihi-Kinau Natural Area Reserve","Maui","Maui","",0,0,0,0,0,0,0,0,1,0,1,0,1,0,1,0,1,"Rock","",79.456069,16.9154,20.624578,0,0,30,0,0,1,1
"384",378,"Waikoloa Beach","Maui","Maui","",0,0,0,0,0,0,0,1,0,1,0,0,0,0,0,1,0,"Black","",445.323781,50.2609,18.57463,0,0,22,0,1,0,1
"385",379,"Maipoina Oe Iau Beach Park","Maui","Maui","",0,0,0,0,1,0,0,1,0,1,1,0,1,0,1,1,0,"Standard","",365,5.48754,13.948467,0,0,30,0,1,0,1
"386",380,"Hoaloha Beach Park","Maui","Maui","",0,0,0,0,1,0,0,1,0,0,0,0,1,1,1,0,0,"Standard","",365,6.80991,0,0,0,26,0,1,0,1
"387",381,"Launiupoko Beach Park","Maui","Maui","",0,0,0,0,1,0,0,1,0,1,0,0,1,1,1,1,0,"Standard","",180,8.22385,20.743771,0,0,29,0,0,1,1
"388",382,"Ali'i Kahekili Nui Beach Park","Maui","Maui","",0,0,0,0,1,0,0,1,0,0,1,0,1,1,1,1,0,"Standard","",360,10.1495,14.266793,0,0,29,0,1,0,1
"389",383,"Black Rock Beach Trail","Maui","Maui","",0,0,0,0,0,0,0,1,0,0,1,0,1,1,1,1,1,"Standard","",459,15.45,3.202861,0,0,29,0,1,0,1
"390",384,"Kipahulu Visitor Center Park","Maui","Maui","",0,0,0,0,1,0,0,0,1,0,0,0,1,0,1,0,1,"Rock","",695,30.0728,3.951638,0,0,21,1,0,0,1
"391",385,"Five Caves Beach","Maui","Maui","",0,0,0,0,0,0,0,0,1,0,1,0,0,0,0,1,0,"Rock","",11,8.54512,26.270074,0,0,30,0,0,1,1
"392",386,"Secret Cove Beach","Maui","Maui","",0,0,0,0,0,0,0,1,0,0,1,0,0,0,0,1,0,"Standard","",51,9.59302,3.469904,0,0,30,0,0,1,1
"393",387,"Makena State Park","Maui","Maui","",0,0,0,0,1,0,0,1,0,1,1,1,1,1,1,1,0,"Standard","",636,10.0139,26.529035,0,0,30,1,0,0,1
"394",388,"Molokini Island Preserve","Maui","Maui","",0,0,0,0,0,0,0,0,1,0,1,0,0,0,0,0,0,"Rock","",650,85,42.663116,0,1,30,1,0,0,1
"395",389,"Kihei Boat Ramp","Maui","Maui","",0,0,0,0,0,1,1,0,0,0,0,0,1,1,1,0,0,"999","",110,11.7133,23.385603,0,0,30,0,0,1,1
"396",390,"Cove Beach Park","Maui","Maui","",0,0,0,0,1,0,0,1,0,1,0,0,1,1,1,1,0,"Standard","",207,10.1735,2.861443,0,0,30,0,1,0,1
"397",391,"Kihei Canoe Club Beach","Maui","Maui","",0,0,0,0,0,0,0,1,0,0,1,0,1,0,1,1,0,"Standard","",465,3.5022,7.819318,0,0,30,0,1,0,1
"398",392,"Maalaea Harbor Village","Maui","Maui","",0,0,0,0,0,1,1,0,0,0,0,0,1,0,1,0,0,"999","",475,12.9111,4.7666,0,0,30,0,1,0,1
"399",393,"Lahaina Harbor","Maui","Maui","",0,0,0,0,1,1,1,0,0,0,0,0,1,0,1,0,0,"999","",308,7.53118,22.016948,0,0,29,0,1,0,1
"400",394,"Mala Boat Ramp","Maui","Maui","",0,0,0,0,0,0,0,1,0,1,1,0,1,0,1,1,0,"Standard","",114,7.35583,23.994076,0,0,29,0,0,1,1
"401",395,"Honokowai Point Beach","Maui","Maui","",0,0,0,0,0,0,0,1,1,0,0,0,0,0,0,1,0,"Standard","",205,11.8648,18.421445,0,0,29,0,1,0,1
"402",396,"Stables Beach","Maui","Maui","",0,0,0,0,0,0,0,1,0,0,1,0,0,0,0,1,0,"Standard","",581,4.1675,16.476136,0,0,26,1,0,0,1
"403",397,"Jaws Beach","Maui","Maui","",0,0,0,0,0,0,0,0,1,1,0,0,0,0,0,0,0,"Rock","",256,49.5266,6.615224,0,0,24,0,1,0,1
"404",398,"Wailua Nui Bay","Maui","Maui","",0,0,0,0,0,0,0,0,1,1,0,0,0,0,0,0,0,"Rock","",175,76.171,7.707103,0,0,24,0,0,1,1
"405",399,"Lipoa Street Beach","Maui","Maui","",0,0,0,0,0,0,0,1,0,0,0,0,0,0,0,1,0,"Standard","",425,4.90808,3.024395,0,0,30,0,1,0,1
"406",400,"Waipuilani Beach Park","Maui","Maui","",0,0,0,0,1,0,0,1,0,0,0,0,1,0,1,1,0,"Standard","",600,5.25041,5.650685,0,0,30,1,0,0,1
"407",401,"Sugar Beach","Maui","Maui","",0,0,0,0,0,0,0,1,0,0,0,0,1,0,1,1,0,"Standard","",650,5.49926,7.64255,0,0,30,1,0,0,1
"408",402,"Pohaku Park","Maui","Maui","",0,0,0,0,1,0,0,1,0,1,1,0,1,1,1,1,0,"Standard","",184,6.05985,4.269366,0,0,29,0,0,1,1
"409",403,"Kaopala Beach","Maui","Maui","",0,0,0,0,0,0,0,1,0,1,1,0,0,0,0,1,0,"Standard","",110,8.80709,1.083269,0,0,29,0,0,1,1
"410",404,"Honokeana Bay","Maui","Maui","",0,0,0,0,0,0,0,0,1,0,1,0,0,0,0,1,0,"Rock","",109,8.4829,12.801364,0,0,29,0,0,1,1
"411",405,"Waihee Coastal Dunes and Wildlife Refuge","Maui","Maui","",0,0,0,0,1,0,0,1,0,0,0,0,1,1,1,1,0,"Standard","",500,12.5323,7.903433,0,0,26,0,0,0,1
"412",406,"Kaleia Beach","Maui","Maui","",0,0,0,0,0,0,0,1,0,0,1,0,0,0,0,1,0,"Standard","",680,2.93302,8.338088,0,0,30,1,0,0,1
"413",407,"Huawai Bay","Maui","Lanai","Beach",0,0,0,0,0,0,0,0,1,0,1,0,0,0,0,1,1,"","",0,0,3.944844802,0,0,39,0,0,1,1
"414",408,"Hulopoe Bay Beach","Maui","Lanai","Beach",0,0,0,0,1,0,0,1,0,0,1,0,1,1,1,1,0,"","",432.343,0.889636781,8.059311186,0,0,39,0,1,0,1
"415",409,"Kahemano","Maui","Lanai","Beach",0,0,0,0,0,0,0,0,0,0,0,0,0,0,0,0,0,"","",0,0,13.67884103,0,0,40,0,0,1,1
"416",410,"Kaumalapau Harbor","Maui","Lanai","Cliffs",0,0,0,0,0,1,0,0,1,0,0,0,1,0,0,0,0,"","",0,19.50118758,16.18058266,0,0,40,0,0,1,1
"417",411,"Kaunol_ Village","Maui","Lanai","Historical",0,0,0,0,0,0,0,0,1,0,0,0,0,0,0,0,0,"","",0,0,11.07419479,0,0,40,0,0,1,1
"418",412,"Lopa Beach","Maui","Lanai","Beach",0,0,0,0,0,0,0,1,1,0,0,0,0,0,0,1,0,"","",1991.886,0,3.560496085,0,0,39,1,0,0,1
"419",413,"Manele Small Boat Harbor","Maui","Lanai","Beach",0,0,0,0,0,1,0,0,1,0,0,0,1,1,1,0,0,"","",287.924,16.1470261,8.281090421,0,0,39,0,1,0,1
"420",414,"Polihua Beach","Maui","Lanai","Beach",0,0,0,0,0,0,0,1,0,0,0,0,0,0,0,0,0,"","",6131.853,0,1.247787611,0,0,40,1,0,0,1
"421",415,"Sharks Bay","Maui","Lanai","Beach",0,0,0,0,0,0,0,1,1,1,0,0,0,1,1,0,0,"Sand","",95.69,7.224053335,10.93681863,0,0,39,0,0,1,1
"422",416,"Shipwreck Beach","Maui","Lanai","Beach",0,0,0,0,0,0,0,1,1,1,0,0,0,0,0,0,0,"Sand","",1791.583,0,9.18429168,0,0,39,1,0,0,1
"423",417,"Awahua Beach","Maui ","Molokai","Beach",0,0,0,0,1,0,0,1,1,0,0,0,1,0,0,0,1,"","",662.262,8.734541472,15.51367408,0,0,44,1,0,0,1
"424",418,"IliopiI Beach","Maui","Molokai","Beach",0,0,0,0,1,0,0,1,0,0,0,0,0,0,0,0,0,"","",512.609,35.00225132,12.61707751,0,0,44,1,0,0,1
"425",419,"George Murphy Beach Park","Maui","Molokai","Beach",0,0,0,0,1,0,0,1,1,0,1,0,0,0,0,0,0,"","",608.25,11.65791498,8.31992404,0,0,43,1,0,0,1
"426",420,"H_lawa Beach Park","Maui","Molokai","Beach",0,0,0,0,1,0,0,1,1,1,0,0,1,0,1,0,0,"","",632.276,26.511701,0.860465116,0,0,44,1,0,0,1
"427",421,"Hale O Lono Beach","Maui","Molokai","Beach",0,0,0,0,0,0,0,1,1,1,1,0,0,0,0,1,0,"","",1167.376,0,0,0,0,49,1,0,0,1
"428",422,"Kakahai'a Beach Park","Maui","Molokai","Beach",0,0,0,0,1,0,0,1,0,0,0,0,0,0,0,0,0,"","",699.928,3.145542124,0.458190149,0,0,50,1,0,0,1
"429",423,"Kamalo Wharf Beach","Maui","Molokai","Beach",0,0,0,0,0,0,0,1,1,0,0,0,0,0,0,0,0,"","",142.587,8.880641532,1.655206761,0,0,50,0,0,1,1
"430",424,"Kamiloloa Beach","Maui","Molokai","Beach",0,0,0,0,0,0,0,1,1,0,0,0,0,0,0,0,0,"","",245.721,4.499634067,0.149627516,0,0,50,0,1,0,1
"431",425,"Kapukahehu Beach Dixie Maru Cove","Maui","Molokai","Beach",0,0,0,0,0,0,0,1,1,0,1,0,0,1,0,1,0,"","",155.495,26.16531704,0.271347813,0,0,49,0,0,1,1
"432",426,"Kapukuwahine Beach","Maui","Molokai","Beach",0,0,0,0,0,0,0,1,0,0,1,0,0,0,0,1,0,"","",1672.066,0,0,0,0,49,1,0,0,1
"433",427,"Kaunakakai Harbor","Maui","Molokai","Beach",0,0,0,0,0,1,1,0,0,0,0,0,1,0,0,1,0,"","",388.906,6.988106262,0.924407224,0,0,50,0,1,0,1
"434",428,"Kaupoa Beach","Maui","Molokai","Beach",0,0,0,0,0,0,0,1,0,0,1,0,0,0,0,1,0,"","",382.139,15.20226029,4.424970442,0,0,49,0,1,0,1
"435",429,"Kawakiu Beach","Maui","Molokai","Beach",0,0,0,0,0,0,0,1,0,0,0,0,0,0,0,1,1,"","",83.298,21.31823845,6.120558528,0,0,49,0,0,1,1
"436",430,"Kawili Beach","Maui","Molokai","Beach",0,0,0,0,1,0,0,1,0,0,0,0,1,0,1,1,0,"","",1334.369,0,1.018262738,0,0,44,1,0,0,1
"437",431,"Kepuhi Beach","Maui","Molokai","Beach",0,0,0,0,0,0,0,1,1,1,0,0,1,1,0,1,0,"","",842.822,8.411756439,7.459647131,0,0,49,1,0,0,1
"438",432,"Kiowea Beach","Maui","Molokai","Beach Park",0,0,0,0,1,0,0,1,10,0,0,0,0,0,0,0,0,"","",1891.538,3.655973967,0.630319864,0,0,50,1,0,0,1
"439",433,"K_mimi Beach Park","Maui","Molokai","Beach",0,0,0,0,0,0,0,1,0,0,1,0,0,0,0,1,0,"","",608.25,6.728342226,10.81033801,0,0,43,1,0,0,1
"440",434,"Lighthouse Beach","Maui","Molokai","Cliffs",0,0,0,0,1,0,0,0,1,0,0,0,0,0,0,0,0,"","",1807.318,41.1769103,6.436032864,0,0,49,1,0,0,1
"441",435,"Lono Harbor","Maui","Molokai","Harbor",0,0,0,0,0,1,1,0,0,0,0,0,0,0,0,0,0,"","",740.681,12.71454896,0,0,0,49,1,0,0,1
"442",436,"Make Horse Pohaku Mauliuli Beach","Maui","Molokai","Beach",0,0,0,0,0,0,0,1,1,0,0,0,0,0,0,0,1,"","",504.497,10.71805392,25.00787471,0,0,49,1,0,0,1
"443",437,"MoOmomi Beach","Maui","Molokai","Beach",0,0,0,0,0,0,0,1,1,0,0,0,0,0,0,0,1,"","",668.396,0,1.609921303,0,0,44,1,0,0,1
"444",438,"One Ali_i Park","Maui","Molokai","Beach Park",0,0,0,0,1,0,0,1,1,0,0,0,1,1,1,0,0,"","",1190.597,5.006851011,0.549105702,0,0,50,1,0,0,1
"445",439,"P_p_haku Beach Park","Maui","Molokai","Beach Park",0,0,0,0,1,0,0,1,0,0,0,0,1,1,1,1,0,"","",3060.481,16.56984932,7.30938548,0,0,49,1,0,0,1
"446",440,"Pelekuna Beach","Maui","Molokai","Cliffs",0,0,0,0,1,0,0,0,1,0,0,0,0,0,0,0,0,"","",432.258,18.30015714,6.381865404,0,0,44,0,1,0,1
"447",441,"PoOlau Beach","Maui","Molokai","Beach",0,0,0,0,0,0,0,0,1,0,0,0,0,0,0,0,0,"","",76.718,25.82743962,26.80174146,0,0,49,0,0,1,1
"448",442,"P_koo Harbor","Maui","Molokai","Beach",0,0,0,0,0,0,0,1,0,0,1,0,0,0,0,0,0,"","",752.075,5.838731373,7.734408824,0,0,43,1,0,0,1
"449",443,"Pukoo Beach","Maui","Molokai","Beach",0,0,0,0,0,0,0,1,1,0,1,0,0,0,0,1,0,"","",752.075,18.43846872,3.771395271,0,0,43,1,0,0,1
"450",444,"Sandy Beach","Maui","Molokai","Beach",0,0,0,0,0,0,0,1,1,0,0,0,0,0,0,1,0,"","",72.271,0,15.20554322,0,0,43,0,0,1,1
